[
{
  "model": "auth.user",
  "pk": 1,
  "fields": {
    "password": "pbkdf2_sha256$600000$F0aBj406S0hIJC5zmE42P3$08yDgnknV5wCWIEA9qv38YRQl4+kcaDACANK5n9CZwQ=",
    "last_login": "2025-12-09T21:57:49.754Z",
    "is_superuser": true,
    "username": "admin",
    "first_name": "",
    "last_name": "",
    "email": "admin@atletasworld.com",
    "is_staff": true,
    "is_active": true,
    "date_joined": "2025-12-07T20:10:52.481Z",
    "groups": [
      4
    ],
    "user_permissions": []
  }
},
{
  "model": "auth.user",
  "pk": 2,
  "fields": {
    "password": "pbkdf2_sha256$600000$dNAWWClf7g5wewllvDqgM4$5FGLyPetp6JGMrBvQmBnnHepDEk0/vEm051fRL2vGJs=",
    "last_login": "2025-12-09T22:03:34.288Z",
    "is_superuser": false,
    "username": "test",
    "first_name": "John",
    "last_name": "Smith",
    "email": "test@test.com",
    "is_staff": false,
    "is_active": true,
    "date_joined": "2025-12-07T21:51:47Z",
    "groups": [
      4
    ],
    "user_permissions": []
  }
},
{
  "model": "auth.user",
  "pk": 3,
  "fields": {
    "password": "pbkdf2_sha256$600000$OBWgbaNuplP9kuXdOsdYwp$IrOna2B7uGXMA4IIDZWEgkRrKx+cayJ7MftjeVIQckM=",
    "last_login": "2025-12-09T19:15:26.226Z",
    "is_superuser": false,
    "username": "coach1",
    "first_name": "Marcus",
    "last_name": "Thompson",
    "email": "coach1@coach.com",
    "is_staff": false,
    "is_active": true,
    "date_joined": "2025-12-08T03:44:11Z",
    "groups": [
      3
    ],
    "user_permissions": []
  }
},
{
  "model": "auth.user",
  "pk": 4,
  "fields": {
    "password": "pbkdf2_sha256$600000$5yc7F4vpBE1pXWtBzQerJj$psrrbK0jIDns/Cc92OkxrgZXZMrhlsLxmwxfXjDZgbw=",
    "last_login": null,
    "is_superuser": false,
    "username": "owner1",
    "first_name": "Demo",
    "last_name": "Owner",
    "email": "owner1@demo.com",
    "is_staff": false,
    "is_active": true,
    "date_joined": "2025-12-08T04:02:42.708Z",
    "groups": [
      4
    ],
    "user_permissions": []
  }
},
{
  "model": "auth.user",
  "pk": 5,
  "fields": {
    "password": "pbkdf2_sha256$600000$QPXQOexmB9sI26FQS9ILFc$Or7ZnrkjpyAGCJblZzAY764C5SRssT83Ky7biDq4cSs=",
    "last_login": "2025-12-09T22:01:38.747Z",
    "is_superuser": true,
    "username": "mirko",
    "first_name": "Mirko",
    "last_name": "Trapletti",
    "email": "mirko@atletasworld.com",
    "is_staff": true,
    "is_active": true,
    "date_joined": "2025-12-09T19:20:01Z",
    "groups": [
      3
    ],
    "user_permissions": []
  }
},
{
  "model": "auth.user",
  "pk": 6,
  "fields": {
    "password": "pbkdf2_sha256$600000$qVoRGbEwpA5ZoRXnQpiuY5$X0dlxxymRIIxEMwBpmAkpyixoJN1jlwP21aTJYmL9ZE=",
    "last_login": "2025-12-09T19:31:21.243Z",
    "is_superuser": false,
    "username": "sarah_fit",
    "first_name": "Sarah",
    "last_name": "Johnson",
    "email": "sarah@atletasworld.com",
    "is_staff": false,
    "is_active": true,
    "date_joined": "2025-12-09T19:25:17.858Z",
    "groups": [
      3
    ],
    "user_permissions": []
  }
},
{
  "model": "auth.user",
  "pk": 7,
  "fields": {
    "password": "pbkdf2_sha256$600000$FV7klJVbaNccouW2GGT0uu$M4LJ9xpJwKwgHjvRrv8IZOGuU9Gb+6VI2gvxek1R2F8=",
    "last_login": null,
    "is_superuser": false,
    "username": "david_strength",
    "first_name": "David",
    "last_name": "Martinez",
    "email": "david@atletasworld.com",
    "is_staff": false,
    "is_active": true,
    "date_joined": "2025-12-09T19:25:18.184Z",
    "groups": [
      3
    ],
    "user_permissions": []
  }
},
{
  "model": "auth.user",
  "pk": 8,
  "fields": {
    "password": "pbkdf2_sha256$600000$ElWvgUB8weUHU8utGESX1Q$maWsN7AXAt/Iv4VXYQ/06lvdACHwhvU+Vwy+NABD1Oc=",
    "last_login": null,
    "is_superuser": false,
    "username": "emma_yoga",
    "first_name": "Emma",
    "last_name": "Chen",
    "email": "emma@atletasworld.com",
    "is_staff": false,
    "is_active": true,
    "date_joined": "2025-12-09T19:25:18.483Z",
    "groups": [
      3
    ],
    "user_permissions": []
  }
},
{
  "model": "auth.user",
  "pk": 9,
  "fields": {
    "password": "pbkdf2_sha256$600000$ta4aFoFBgMmCDyEhdWmNc3$vpjIlArszDks/1XUomdMh5RPyPYH8RxvuihBrLN2l1k=",
    "last_login": "2025-12-11T03:48:57.628Z",
    "is_superuser": false,
    "username": "john_doe",
    "first_name": "John",
    "last_name": "Doe",
    "email": "john@example.com",
    "is_staff": false,
    "is_active": true,
    "date_joined": "2025-12-09T19:25:18.782Z",
    "groups": [
      4
    ],
    "user_permissions": []
  }
},
{
  "model": "auth.user",
  "pk": 10,
  "fields": {
    "password": "pbkdf2_sha256$600000$xlN7dSG2fdRMdVWzxhWZ7g$Ee3AG36zi1LmTMNY+vltu5srMZ+QIJNPkZcNIyCgjFw=",
    "last_login": null,
    "is_superuser": false,
    "username": "jane_smith",
    "first_name": "Jane",
    "last_name": "Smith",
    "email": "jane@example.com",
    "is_staff": false,
    "is_active": true,
    "date_joined": "2025-12-09T19:25:19.098Z",
    "groups": [
      4
    ],
    "user_permissions": []
  }
},
{
  "model": "auth.user",
  "pk": 11,
  "fields": {
    "password": "pbkdf2_sha256$600000$t9KaCAftpXQHLc7C9GHILj$aUD2lEPIwLkEqV//HEbFXbZ1r4k5u2epLCOTIBfpqKU=",
    "last_login": null,
    "is_superuser": false,
    "username": "mike_wilson",
    "first_name": "Mike",
    "last_name": "Wilson",
    "email": "mike@example.com",
    "is_staff": false,
    "is_active": true,
    "date_joined": "2025-12-09T19:25:19.414Z",
    "groups": [
      4
    ],
    "user_permissions": []
  }
},
{
  "model": "auth.user",
  "pk": 12,
  "fields": {
    "password": "pbkdf2_sha256$600000$EtZugYENrlFFEpdmQ5zkzc$J2P22a58wQUN5DxYZaUqXkC/OzquamkfINdwNuhsfdQ=",
    "last_login": null,
    "is_superuser": false,
    "username": "lisa_brown",
    "first_name": "Lisa",
    "last_name": "Brown",
    "email": "lisa@example.com",
    "is_staff": false,
    "is_active": true,
    "date_joined": "2025-12-09T19:25:19.719Z",
    "groups": [
      4
    ],
    "user_permissions": []
  }
},
{
  "model": "auth.user",
  "pk": 13,
  "fields": {
    "password": "pbkdf2_sha256$600000$fDvo7tXM8U1NaXiTUClCdO$72uOHBvuyQ1DfCZA92VM663hTOv2k/fq3TgHcV/WnAI=",
    "last_login": "2025-12-09T21:58:36.064Z",
    "is_superuser": false,
    "username": "owner",
    "first_name": "Business",
    "last_name": "Owner",
    "email": "owner@atletasworld.com",
    "is_staff": false,
    "is_active": true,
    "date_joined": "2025-12-09T20:50:39.112Z",
    "groups": [
      5
    ],
    "user_permissions": []
  }
},
{
  "model": "auth.group",
  "pk": 1,
  "fields": {
    "name": "coach",
    "permissions": [
      41,
      42,
      43,
      44,
      40,
      109,
      110,
      112,
      105,
      106,
      107,
      108,
      113,
      114,
      115,
      116
    ]
  }
},
{
  "model": "auth.group",
  "pk": 2,
  "fields": {
    "name": "client",
    "permissions": [
      89,
      90,
      91,
      92,
      97,
      98,
      99,
      100,
      101,
      102,
      103,
      104,
      81,
      82,
      83,
      84,
      85,
      86,
      87,
      88
    ]
  }
},
{
  "model": "auth.group",
  "pk": 3,
  "fields": {
    "name": "Coach",
    "permissions": []
  }
},
{
  "model": "auth.group",
  "pk": 4,
  "fields": {
    "name": "Client",
    "permissions": []
  }
},
{
  "model": "auth.group",
  "pk": 5,
  "fields": {
    "name": "Owner",
    "permissions": [
      25,
      26,
      27,
      28,
      29,
      30,
      31,
      32,
      1,
      2,
      3,
      4,
      57,
      58,
      59,
      60,
      9,
      10,
      11,
      12,
      5,
      6,
      7,
      8,
      13,
      14,
      15,
      16,
      177,
      178,
      179,
      180,
      49,
      50,
      51,
      52,
      45,
      46,
      47,
      48,
      93,
      94,
      95,
      96,
      173,
      174,
      175,
      176,
      121,
      122,
      123,
      124,
      33,
      34,
      35,
      36,
      89,
      90,
      91,
      92,
      97,
      98,
      99,
      100,
      101,
      102,
      103,
      104,
      169,
      170,
      171,
      172,
      161,
      162,
      163,
      164,
      81,
      82,
      83,
      84,
      85,
      86,
      87,
      88,
      165,
      166,
      167,
      168,
      117,
      118,
      119,
      120,
      41,
      42,
      43,
      44,
      37,
      38,
      39,
      40,
      109,
      110,
      111,
      112,
      105,
      106,
      107,
      108,
      113,
      114,
      115,
      116,
      17,
      18,
      19,
      20,
      145,
      146,
      147,
      148,
      125,
      126,
      127,
      128,
      129,
      130,
      131,
      132,
      133,
      134,
      135,
      136,
      137,
      138,
      139,
      140,
      141,
      142,
      143,
      144,
      153,
      154,
      155,
      156,
      157,
      158,
      159,
      160,
      149,
      150,
      151,
      152,
      53,
      54,
      55,
      56,
      61,
      62,
      63,
      64,
      21,
      22,
      23,
      24,
      77,
      78,
      79,
      80,
      65,
      66,
      67,
      68,
      69,
      70,
      71,
      72,
      73,
      74,
      75,
      76
    ]
  }
},
{
  "model": "clients.client",
  "pk": 1,
  "fields": {
    "user": 2,
    "client_type": "parent",
    "phone": "555-0100",
    "address": "",
    "emergency_contact": "",
    "emergency_phone": "",
    "notes": "",
    "created_at": "2025-12-07T21:51:55.864Z",
    "updated_at": "2025-12-09T19:33:33.992Z"
  }
},
{
  "model": "clients.client",
  "pk": 2,
  "fields": {
    "user": 1,
    "client_type": "parent",
    "phone": "",
    "address": "",
    "emergency_contact": "",
    "emergency_phone": "",
    "notes": "",
    "created_at": "2025-12-07T21:55:39.474Z",
    "updated_at": "2025-12-07T21:55:39.474Z"
  }
},
{
  "model": "clients.client",
  "pk": 3,
  "fields": {
    "user": 4,
    "client_type": "parent",
    "phone": "(555) 555-1234",
    "address": "456 Demo Street, Test City, CA 90000",
    "emergency_contact": "Emergency Contact",
    "emergency_phone": "(555) 555-9999",
    "notes": "",
    "created_at": "2025-12-08T04:02:43.039Z",
    "updated_at": "2025-12-08T04:02:43.039Z"
  }
},
{
  "model": "clients.client",
  "pk": 4,
  "fields": {
    "user": 3,
    "client_type": "parent",
    "phone": "",
    "address": "",
    "emergency_contact": "",
    "emergency_phone": "",
    "notes": "",
    "created_at": "2025-12-08T04:16:10.270Z",
    "updated_at": "2025-12-08T04:16:10.270Z"
  }
},
{
  "model": "clients.client",
  "pk": 5,
  "fields": {
    "user": 5,
    "client_type": "parent",
    "phone": "",
    "address": "",
    "emergency_contact": "",
    "emergency_phone": "",
    "notes": "",
    "created_at": "2025-12-09T19:23:55.437Z",
    "updated_at": "2025-12-09T19:23:55.437Z"
  }
},
{
  "model": "clients.client",
  "pk": 6,
  "fields": {
    "user": 9,
    "client_type": "parent",
    "phone": "555-0101",
    "address": "",
    "emergency_contact": "",
    "emergency_phone": "",
    "notes": "",
    "created_at": "2025-12-09T19:25:19.095Z",
    "updated_at": "2025-12-09T19:33:33.996Z"
  }
},
{
  "model": "clients.client",
  "pk": 7,
  "fields": {
    "user": 10,
    "client_type": "parent",
    "phone": "555-0102",
    "address": "",
    "emergency_contact": "",
    "emergency_phone": "",
    "notes": "",
    "created_at": "2025-12-09T19:25:19.412Z",
    "updated_at": "2025-12-09T19:33:34Z"
  }
},
{
  "model": "clients.client",
  "pk": 8,
  "fields": {
    "user": 11,
    "client_type": "parent",
    "phone": "555-0103",
    "address": "",
    "emergency_contact": "",
    "emergency_phone": "",
    "notes": "",
    "created_at": "2025-12-09T19:25:19.717Z",
    "updated_at": "2025-12-09T19:33:34.004Z"
  }
},
{
  "model": "clients.client",
  "pk": 9,
  "fields": {
    "user": 12,
    "client_type": "parent",
    "phone": "555-0104",
    "address": "",
    "emergency_contact": "",
    "emergency_phone": "",
    "notes": "",
    "created_at": "2025-12-09T19:25:19.998Z",
    "updated_at": "2025-12-09T19:33:34.008Z"
  }
},
{
  "model": "clients.player",
  "pk": 1,
  "fields": {
    "client": 2,
    "first_name": "asdf",
    "last_name": "asdf",
    "birth_year": 2010,
    "gender": "M",
    "soccer_club": "asdf",
    "team_name": "asdf",
    "skill_level": "beginner",
    "primary_position": "defender",
    "notes": "asdf",
    "photo": "",
    "is_active": true,
    "created_at": "2025-12-07T21:56:20.950Z",
    "updated_at": "2025-12-07T21:56:20.951Z"
  }
},
{
  "model": "clients.player",
  "pk": 2,
  "fields": {
    "client": 1,
    "first_name": "Emma",
    "last_name": "Smith",
    "birth_year": 2014,
    "gender": "F",
    "soccer_club": "FC United",
    "team_name": "U11 Girls",
    "skill_level": "intermediate",
    "primary_position": "midfielder",
    "notes": "",
    "photo": "",
    "is_active": true,
    "created_at": "2025-12-08T03:50:03.478Z",
    "updated_at": "2025-12-08T03:50:03.478Z"
  }
},
{
  "model": "clients.player",
  "pk": 3,
  "fields": {
    "client": 1,
    "first_name": "Lucas",
    "last_name": "Smith",
    "birth_year": 2016,
    "gender": "M",
    "soccer_club": "FC United",
    "team_name": "U9 Boys",
    "skill_level": "beginner",
    "primary_position": "forward",
    "notes": "",
    "photo": "",
    "is_active": true,
    "created_at": "2025-12-08T03:50:03.481Z",
    "updated_at": "2025-12-08T03:50:03.481Z"
  }
},
{
  "model": "clients.player",
  "pk": 4,
  "fields": {
    "client": 1,
    "first_name": "Sofia",
    "last_name": "Smith",
    "birth_year": 2012,
    "gender": "F",
    "soccer_club": "Stars FC",
    "team_name": "U13 Girls",
    "skill_level": "advanced",
    "primary_position": "defender",
    "notes": "",
    "photo": "",
    "is_active": true,
    "created_at": "2025-12-08T03:50:03.484Z",
    "updated_at": "2025-12-08T03:50:03.484Z"
  }
},
{
  "model": "clients.player",
  "pk": 5,
  "fields": {
    "client": 9,
    "first_name": "Sophia",
    "last_name": "Brown",
    "birth_year": 2015,
    "gender": "",
    "soccer_club": "",
    "team_name": "",
    "skill_level": "beginner",
    "primary_position": "",
    "notes": "",
    "photo": "",
    "is_active": true,
    "created_at": "2025-12-09T19:46:50.581Z",
    "updated_at": "2025-12-09T19:46:50.582Z"
  }
},
{
  "model": "clients.player",
  "pk": 6,
  "fields": {
    "client": 8,
    "first_name": "Ethan",
    "last_name": "Wilson",
    "birth_year": 2014,
    "gender": "",
    "soccer_club": "",
    "team_name": "",
    "skill_level": "beginner",
    "primary_position": "",
    "notes": "",
    "photo": "",
    "is_active": true,
    "created_at": "2025-12-09T19:46:50.585Z",
    "updated_at": "2025-12-09T19:46:50.585Z"
  }
},
{
  "model": "clients.player",
  "pk": 7,
  "fields": {
    "client": 7,
    "first_name": "Olivia",
    "last_name": "Smith",
    "birth_year": 2013,
    "gender": "",
    "soccer_club": "",
    "team_name": "",
    "skill_level": "beginner",
    "primary_position": "",
    "notes": "",
    "photo": "",
    "is_active": true,
    "created_at": "2025-12-09T19:46:50.587Z",
    "updated_at": "2025-12-09T19:46:50.587Z"
  }
},
{
  "model": "clients.player",
  "pk": 8,
  "fields": {
    "client": 6,
    "first_name": "Noah",
    "last_name": "Doe",
    "birth_year": 2016,
    "gender": "",
    "soccer_club": "",
    "team_name": "",
    "skill_level": "beginner",
    "primary_position": "",
    "notes": "",
    "photo": "",
    "is_active": true,
    "created_at": "2025-12-09T19:46:50.589Z",
    "updated_at": "2025-12-09T19:46:50.589Z"
  }
},
{
  "model": "clients.package",
  "pk": 1,
  "fields": {
    "name": "Basic 4",
    "package_type": "basic4",
    "description": "4 sessions over 4 weeks",
    "price": "200.00",
    "sessions_included": 4,
    "validity_weeks": 4,
    "is_active": true,
    "is_special": false,
    "event_start_date": null,
    "event_end_date": null,
    "event_location": "",
    "max_participants": 0,
    "age_group": ""
  }
},
{
  "model": "clients.package",
  "pk": 2,
  "fields": {
    "name": "Basic 8",
    "package_type": "basic8",
    "description": "8 sessions over 4 weeks",
    "price": "360.00",
    "sessions_included": 8,
    "validity_weeks": 4,
    "is_active": true,
    "is_special": false,
    "event_start_date": null,
    "event_end_date": null,
    "event_location": "",
    "max_participants": 0,
    "age_group": ""
  }
},
{
  "model": "clients.package",
  "pk": 3,
  "fields": {
    "name": "Elite 24",
    "package_type": "elite24",
    "description": "24 sessions over 12 weeks",
    "price": "900.00",
    "sessions_included": 24,
    "validity_weeks": 12,
    "is_active": true,
    "is_special": false,
    "event_start_date": null,
    "event_end_date": null,
    "event_location": "",
    "max_participants": 0,
    "age_group": ""
  }
},
{
  "model": "clients.package",
  "pk": 4,
  "fields": {
    "name": "Unlimited",
    "package_type": "unlimited",
    "description": "Unlimited sessions for 12 weeks",
    "price": "1500.00",
    "sessions_included": 0,
    "validity_weeks": 12,
    "is_active": true,
    "is_special": false,
    "event_start_date": null,
    "event_end_date": null,
    "event_location": "",
    "max_participants": 0,
    "age_group": ""
  }
},
{
  "model": "clients.clientpackage",
  "pk": 1,
  "fields": {
    "client": 1,
    "package": 2,
    "player": null,
    "purchase_date": "2025-12-08T03:50:03.497Z",
    "start_date": "2025-12-01",
    "expiry_date": "2025-12-29",
    "sessions_remaining": 5,
    "sessions_used": 3,
    "status": "active",
    "stripe_payment_id": "",
    "notes": ""
  }
},
{
  "model": "clients.bookingpreference",
  "pk": 1,
  "fields": {
    "client": 1,
    "preferred_days": [],
    "preferred_time_slots": [],
    "auto_filter": false,
    "created_at": "2025-12-09T19:21:35.052Z",
    "updated_at": "2025-12-09T19:21:35.052Z",
    "favorite_coaches": []
  }
},
{
  "model": "clients.bookingpreference",
  "pk": 2,
  "fields": {
    "client": 5,
    "preferred_days": [],
    "preferred_time_slots": [],
    "auto_filter": false,
    "created_at": "2025-12-09T19:24:06.985Z",
    "updated_at": "2025-12-09T19:24:06.985Z",
    "favorite_coaches": []
  }
},
{
  "model": "clients.bookingpreference",
  "pk": 3,
  "fields": {
    "client": 6,
    "preferred_days": [],
    "preferred_time_slots": [],
    "auto_filter": false,
    "created_at": "2025-12-11T03:50:19.213Z",
    "updated_at": "2025-12-11T03:50:19.213Z",
    "favorite_coaches": []
  }
},
{
  "model": "clients.notificationpreference",
  "pk": 1,
  "fields": {
    "client": 1,
    "booking_confirmations": "email",
    "booking_reminders": "email",
    "booking_cancellations": "email",
    "purchase_confirmations": "email",
    "assessment_notifications": "email",
    "promotional_updates": "none",
    "reminder_hours_before": 24,
    "created_at": "2025-12-08T03:50:03.472Z",
    "updated_at": "2025-12-08T03:50:03.473Z"
  }
},
{
  "model": "clients.notificationpreference",
  "pk": 2,
  "fields": {
    "client": 3,
    "booking_confirmations": "email",
    "booking_reminders": "email",
    "booking_cancellations": "email",
    "purchase_confirmations": "email",
    "assessment_notifications": "email",
    "promotional_updates": "none",
    "reminder_hours_before": 24,
    "created_at": "2025-12-08T04:02:43.043Z",
    "updated_at": "2025-12-08T04:02:43.043Z"
  }
},
{
  "model": "clients.notificationpreference",
  "pk": 3,
  "fields": {
    "client": 5,
    "booking_confirmations": "email",
    "booking_reminders": "email",
    "booking_cancellations": "email",
    "purchase_confirmations": "email",
    "assessment_notifications": "email",
    "promotional_updates": "none",
    "reminder_hours_before": 24,
    "created_at": "2025-12-09T19:25:08.767Z",
    "updated_at": "2025-12-09T19:25:08.767Z"
  }
},
{
  "model": "coaches.coach",
  "pk": 1,
  "fields": {
    "user": 3,
    "slug": "coach1",
    "bio": "Professional soccer coach with 10+ years experience working with youth and adult players at all skill levels.",
    "photo": "",
    "specializations": "Soccer, Technical Skills, Tactical Training, Youth Development",
    "certifications": "UEFA B License, USSF National D, First Aid/CPR",
    "hourly_rate": "75.00",
    "is_active": true,
    "google_calendar_id": "",
    "profile_enabled": true,
    "tagline": "Elevate your game",
    "full_bio": "Marcus brings over a decade of experience in professional soccer coaching. Having played college soccer and trained with semi-pro teams, he understands what it takes to develop athletes at every level.\n\nHis coaching approach focuses on technical fundamentals, tactical awareness, and building mental toughness. Whether you are looking to make your high school team or compete at a higher level, Marcus will create a customized training program to help you reach your goals.\n\nSpecializing in striker and midfielder development, Marcus has helped dozens of players earn college scholarships and advance their careers.",
    "experience_years": 12,
    "coaching_philosophy": "Technical excellence combined with tactical intelligence creates complete players.",
    "achievements": "Coached 15+ players to college scholarships, Former semi-pro player, Youth State Champion 2019",
    "instagram_url": "https://instagram.com/coachmarc",
    "facebook_url": "",
    "twitter_url": "",
    "linkedin_url": "",
    "youtube_url": "",
    "personal_website": "",
    "gallery_image_1": "",
    "gallery_image_2": "",
    "gallery_image_3": "",
    "created_at": "2025-12-08T03:47:04.020Z",
    "updated_at": "2025-12-09T19:33:22.013Z"
  }
},
{
  "model": "coaches.coach",
  "pk": 2,
  "fields": {
    "user": 5,
    "slug": "mirko",
    "bio": "Former K-1 World Grand Prix Champion and UFC Heavyweight contender. Elite combat sports coach.",
    "photo": "",
    "specializations": "Kickboxing, MMA, Strength & Conditioning, Fight Preparation",
    "certifications": "K-1 World Grand Prix Champion, UFC Veteran, Black Belt BJJ",
    "hourly_rate": "150.00",
    "is_active": true,
    "google_calendar_id": "",
    "profile_enabled": true,
    "tagline": "Train like a champion",
    "full_bio": "Mirko is a legendary combat sports athlete turned elite performance coach. With a professional record spanning kickboxing and MMA, he brings world-class expertise to every training session.\n\nHis coaching philosophy combines traditional martial arts discipline with modern sports science, focusing on technique, conditioning, and mental preparation.\n\nWhether you are a beginner looking to get fit or a competitive fighter preparing for your next bout, Mirko provides personalized training programs tailored to your goals.",
    "experience_years": 25,
    "coaching_philosophy": "Discipline, technique, and heart - the three pillars of a champion.",
    "achievements": "K-1 World Grand Prix 2006 Champion, Pride FC Grand Prix Finalist, UFC Heavyweight Contender",
    "instagram_url": "https://instagram.com/caborac",
    "facebook_url": "",
    "twitter_url": "",
    "linkedin_url": "",
    "youtube_url": "",
    "personal_website": "",
    "gallery_image_1": "",
    "gallery_image_2": "",
    "gallery_image_3": "",
    "created_at": "2025-12-09T19:20:01.442Z",
    "updated_at": "2025-12-09T19:33:22.018Z"
  }
},
{
  "model": "coaches.coach",
  "pk": 3,
  "fields": {
    "user": 6,
    "slug": "sarah-johnson",
    "bio": "Certified personal trainer specializing in functional fitness and weight loss transformation.",
    "photo": "",
    "specializations": "Weight Loss, Functional Training, HIIT, Nutrition Coaching",
    "certifications": "NASM-CPT, Precision Nutrition Level 1, TRX Certified, Kettlebell Specialist",
    "hourly_rate": "85.00",
    "is_active": true,
    "google_calendar_id": "",
    "profile_enabled": true,
    "tagline": "Transform your body, transform your life",
    "full_bio": "Sarah discovered her passion for fitness after her own 60-pound weight loss transformation. Now she helps others achieve their fitness goals through sustainable lifestyle changes.\n\nHer approach combines strength training, HIIT workouts, and nutrition coaching to deliver lasting results. Sarah believes fitness should be enjoyable and accessible to everyone, regardless of their starting point.\n\nWith certifications in personal training and nutrition, Sarah creates comprehensive programs that address both exercise and diet for maximum results.",
    "experience_years": 8,
    "coaching_philosophy": "Small consistent steps lead to massive transformations.",
    "achievements": "200+ client transformations, Featured in Fitness Magazine, Corporate Wellness Speaker",
    "instagram_url": "https://instagram.com/sarahfitcoach",
    "facebook_url": "",
    "twitter_url": "",
    "linkedin_url": "",
    "youtube_url": "",
    "personal_website": "",
    "gallery_image_1": "",
    "gallery_image_2": "",
    "gallery_image_3": "",
    "created_at": "2025-12-09T19:25:18.182Z",
    "updated_at": "2025-12-09T19:33:22.022Z"
  }
},
{
  "model": "coaches.coach",
  "pk": 4,
  "fields": {
    "user": 7,
    "slug": "david-martinez",
    "bio": "Former powerlifting champion dedicated to helping athletes reach peak performance.",
    "photo": "",
    "specializations": "Powerlifting, Olympic Weightlifting, Sports Performance, Strength Programming",
    "certifications": "CSCS, USAW Level 2, Westside Barbell Certified, StrongFirst SFL",
    "hourly_rate": "120.00",
    "is_active": true,
    "google_calendar_id": "",
    "profile_enabled": true,
    "tagline": "Strength is earned, not given",
    "full_bio": "David competed at the national level in powerlifting for over a decade, earning multiple state records and national qualifications. After retiring from competition, he dedicated himself to coaching the next generation of strength athletes.\n\nHis methodology combines classic strength training principles with modern sports science. David specializes in the big three lifts (squat, bench, deadlift) and Olympic weightlifting movements.\n\nWhether you are a competitive lifter or just want to get stronger for everyday life, David will help you lift more than you ever thought possible.",
    "experience_years": 15,
    "coaching_philosophy": "Progressive overload and perfect technique are the keys to lifelong strength.",
    "achievements": "State Powerlifting Champion x3, 600lb Squat, 700lb Deadlift, Trained 50+ competitive lifters",
    "instagram_url": "https://instagram.com/davidstrength",
    "facebook_url": "",
    "twitter_url": "",
    "linkedin_url": "",
    "youtube_url": "",
    "personal_website": "",
    "gallery_image_1": "",
    "gallery_image_2": "",
    "gallery_image_3": "",
    "created_at": "2025-12-09T19:25:18.481Z",
    "updated_at": "2025-12-09T19:33:22.026Z"
  }
},
{
  "model": "coaches.coach",
  "pk": 5,
  "fields": {
    "user": 8,
    "slug": "emma-chen",
    "bio": "Yoga instructor and mindfulness coach helping athletes improve flexibility and mental focus.",
    "photo": "",
    "specializations": "Yoga, Meditation, Flexibility Training, Recovery, Breathwork",
    "certifications": "RYT-500, Yoga Therapy Certification, Mindfulness Coach, Yin Yoga Certified",
    "hourly_rate": "70.00",
    "is_active": true,
    "google_calendar_id": "",
    "profile_enabled": true,
    "tagline": "Balance body and mind",
    "full_bio": "Emma began practicing yoga over 15 years ago and has since dedicated her life to sharing its benefits with others. She trained extensively in India and holds advanced certifications in multiple yoga styles.\n\nHer teaching combines traditional yoga philosophy with modern understanding of anatomy and movement. Emma works with everyone from complete beginners to professional athletes looking to improve recovery and prevent injuries.\n\nIn addition to physical practice, Emma incorporates breathwork and meditation to help clients manage stress and improve mental clarity.",
    "experience_years": 12,
    "coaching_philosophy": "True strength comes from the balance of effort and ease.",
    "achievements": "Trained 1000+ students, Retreat leader in Bali & Costa Rica, Published yoga author",
    "instagram_url": "https://instagram.com/emmayogalife",
    "facebook_url": "",
    "twitter_url": "",
    "linkedin_url": "",
    "youtube_url": "",
    "personal_website": "",
    "gallery_image_1": "",
    "gallery_image_2": "",
    "gallery_image_3": "",
    "created_at": "2025-12-09T19:25:18.780Z",
    "updated_at": "2025-12-09T19:33:22.031Z"
  }
},
{
  "model": "coaches.scheduleblock",
  "pk": 1,
  "fields": {
    "coach": 1,
    "date": "2025-12-08",
    "start_time": "09:00:00",
    "end_time": "10:00:00",
    "session_type": "private",
    "duration_minutes": 60,
    "max_participants": 1,
    "current_participants": 0,
    "price_override": null,
    "status": "available",
    "notes": "",
    "created_at": "2025-12-08T03:50:03.512Z"
  }
},
{
  "model": "coaches.scheduleblock",
  "pk": 2,
  "fields": {
    "coach": 1,
    "date": "2025-12-08",
    "start_time": "10:00:00",
    "end_time": "11:00:00",
    "session_type": "private",
    "duration_minutes": 60,
    "max_participants": 1,
    "current_participants": 0,
    "price_override": null,
    "status": "available",
    "notes": "",
    "created_at": "2025-12-08T03:50:03.514Z"
  }
},
{
  "model": "coaches.scheduleblock",
  "pk": 3,
  "fields": {
    "coach": 1,
    "date": "2025-12-08",
    "start_time": "11:00:00",
    "end_time": "12:00:00",
    "session_type": "private",
    "duration_minutes": 60,
    "max_participants": 1,
    "current_participants": 0,
    "price_override": null,
    "status": "available",
    "notes": "",
    "created_at": "2025-12-08T03:50:03.517Z"
  }
},
{
  "model": "coaches.scheduleblock",
  "pk": 4,
  "fields": {
    "coach": 1,
    "date": "2025-12-08",
    "start_time": "16:00:00",
    "end_time": "17:30:00",
    "session_type": "group",
    "duration_minutes": 90,
    "max_participants": 10,
    "current_participants": 0,
    "price_override": null,
    "status": "available",
    "notes": "",
    "created_at": "2025-12-08T03:50:03.519Z"
  }
},
{
  "model": "coaches.scheduleblock",
  "pk": 5,
  "fields": {
    "coach": 1,
    "date": "2025-12-09",
    "start_time": "09:00:00",
    "end_time": "10:00:00",
    "session_type": "private",
    "duration_minutes": 60,
    "max_participants": 1,
    "current_participants": 0,
    "price_override": null,
    "status": "available",
    "notes": "",
    "created_at": "2025-12-08T03:50:03.521Z"
  }
},
{
  "model": "coaches.scheduleblock",
  "pk": 6,
  "fields": {
    "coach": 1,
    "date": "2025-12-09",
    "start_time": "10:00:00",
    "end_time": "11:00:00",
    "session_type": "private",
    "duration_minutes": 60,
    "max_participants": 1,
    "current_participants": 0,
    "price_override": null,
    "status": "available",
    "notes": "",
    "created_at": "2025-12-08T03:50:03.523Z"
  }
},
{
  "model": "coaches.scheduleblock",
  "pk": 7,
  "fields": {
    "coach": 1,
    "date": "2025-12-09",
    "start_time": "11:00:00",
    "end_time": "12:00:00",
    "session_type": "private",
    "duration_minutes": 60,
    "max_participants": 1,
    "current_participants": 0,
    "price_override": null,
    "status": "available",
    "notes": "",
    "created_at": "2025-12-08T03:50:03.525Z"
  }
},
{
  "model": "coaches.scheduleblock",
  "pk": 8,
  "fields": {
    "coach": 1,
    "date": "2025-12-09",
    "start_time": "16:00:00",
    "end_time": "17:30:00",
    "session_type": "group",
    "duration_minutes": 90,
    "max_participants": 10,
    "current_participants": 0,
    "price_override": null,
    "status": "available",
    "notes": "",
    "created_at": "2025-12-08T03:50:03.527Z"
  }
},
{
  "model": "coaches.scheduleblock",
  "pk": 9,
  "fields": {
    "coach": 1,
    "date": "2025-12-10",
    "start_time": "09:00:00",
    "end_time": "10:00:00",
    "session_type": "private",
    "duration_minutes": 60,
    "max_participants": 1,
    "current_participants": 0,
    "price_override": null,
    "status": "available",
    "notes": "",
    "created_at": "2025-12-08T03:50:03.531Z"
  }
},
{
  "model": "coaches.scheduleblock",
  "pk": 10,
  "fields": {
    "coach": 1,
    "date": "2025-12-10",
    "start_time": "10:00:00",
    "end_time": "11:00:00",
    "session_type": "private",
    "duration_minutes": 60,
    "max_participants": 1,
    "current_participants": 0,
    "price_override": null,
    "status": "available",
    "notes": "",
    "created_at": "2025-12-08T03:50:03.533Z"
  }
},
{
  "model": "coaches.scheduleblock",
  "pk": 11,
  "fields": {
    "coach": 1,
    "date": "2025-12-10",
    "start_time": "11:00:00",
    "end_time": "12:00:00",
    "session_type": "private",
    "duration_minutes": 60,
    "max_participants": 1,
    "current_participants": 0,
    "price_override": null,
    "status": "available",
    "notes": "",
    "created_at": "2025-12-08T03:50:03.535Z"
  }
},
{
  "model": "coaches.scheduleblock",
  "pk": 12,
  "fields": {
    "coach": 1,
    "date": "2025-12-10",
    "start_time": "16:00:00",
    "end_time": "17:30:00",
    "session_type": "group",
    "duration_minutes": 90,
    "max_participants": 10,
    "current_participants": 0,
    "price_override": null,
    "status": "available",
    "notes": "",
    "created_at": "2025-12-08T03:50:03.537Z"
  }
},
{
  "model": "coaches.scheduleblock",
  "pk": 13,
  "fields": {
    "coach": 1,
    "date": "2025-12-11",
    "start_time": "09:00:00",
    "end_time": "10:00:00",
    "session_type": "private",
    "duration_minutes": 60,
    "max_participants": 1,
    "current_participants": 0,
    "price_override": null,
    "status": "available",
    "notes": "",
    "created_at": "2025-12-08T03:50:03.540Z"
  }
},
{
  "model": "coaches.scheduleblock",
  "pk": 14,
  "fields": {
    "coach": 1,
    "date": "2025-12-11",
    "start_time": "10:00:00",
    "end_time": "11:00:00",
    "session_type": "private",
    "duration_minutes": 60,
    "max_participants": 1,
    "current_participants": 0,
    "price_override": null,
    "status": "available",
    "notes": "",
    "created_at": "2025-12-08T03:50:03.542Z"
  }
},
{
  "model": "coaches.scheduleblock",
  "pk": 15,
  "fields": {
    "coach": 1,
    "date": "2025-12-11",
    "start_time": "11:00:00",
    "end_time": "12:00:00",
    "session_type": "private",
    "duration_minutes": 60,
    "max_participants": 1,
    "current_participants": 0,
    "price_override": null,
    "status": "available",
    "notes": "",
    "created_at": "2025-12-08T03:50:03.544Z"
  }
},
{
  "model": "coaches.scheduleblock",
  "pk": 16,
  "fields": {
    "coach": 1,
    "date": "2025-12-11",
    "start_time": "16:00:00",
    "end_time": "17:30:00",
    "session_type": "group",
    "duration_minutes": 90,
    "max_participants": 10,
    "current_participants": 0,
    "price_override": null,
    "status": "available",
    "notes": "",
    "created_at": "2025-12-08T03:50:03.546Z"
  }
},
{
  "model": "coaches.scheduleblock",
  "pk": 17,
  "fields": {
    "coach": 1,
    "date": "2025-12-12",
    "start_time": "09:00:00",
    "end_time": "10:00:00",
    "session_type": "private",
    "duration_minutes": 60,
    "max_participants": 1,
    "current_participants": 0,
    "price_override": null,
    "status": "available",
    "notes": "",
    "created_at": "2025-12-08T03:50:03.548Z"
  }
},
{
  "model": "coaches.scheduleblock",
  "pk": 18,
  "fields": {
    "coach": 1,
    "date": "2025-12-12",
    "start_time": "10:00:00",
    "end_time": "11:00:00",
    "session_type": "private",
    "duration_minutes": 60,
    "max_participants": 1,
    "current_participants": 0,
    "price_override": null,
    "status": "available",
    "notes": "",
    "created_at": "2025-12-08T03:50:03.551Z"
  }
},
{
  "model": "coaches.scheduleblock",
  "pk": 19,
  "fields": {
    "coach": 1,
    "date": "2025-12-12",
    "start_time": "11:00:00",
    "end_time": "12:00:00",
    "session_type": "private",
    "duration_minutes": 60,
    "max_participants": 1,
    "current_participants": 0,
    "price_override": null,
    "status": "available",
    "notes": "",
    "created_at": "2025-12-08T03:50:03.553Z"
  }
},
{
  "model": "coaches.scheduleblock",
  "pk": 20,
  "fields": {
    "coach": 1,
    "date": "2025-12-12",
    "start_time": "16:00:00",
    "end_time": "17:30:00",
    "session_type": "group",
    "duration_minutes": 90,
    "max_participants": 10,
    "current_participants": 0,
    "price_override": null,
    "status": "available",
    "notes": "",
    "created_at": "2025-12-08T03:50:03.555Z"
  }
},
{
  "model": "coaches.scheduleblock",
  "pk": 21,
  "fields": {
    "coach": 1,
    "date": "2025-12-13",
    "start_time": "09:00:00",
    "end_time": "10:00:00",
    "session_type": "private",
    "duration_minutes": 60,
    "max_participants": 1,
    "current_participants": 0,
    "price_override": null,
    "status": "available",
    "notes": "",
    "created_at": "2025-12-08T03:50:03.558Z"
  }
},
{
  "model": "coaches.scheduleblock",
  "pk": 22,
  "fields": {
    "coach": 1,
    "date": "2025-12-13",
    "start_time": "10:00:00",
    "end_time": "11:00:00",
    "session_type": "private",
    "duration_minutes": 60,
    "max_participants": 1,
    "current_participants": 0,
    "price_override": null,
    "status": "available",
    "notes": "",
    "created_at": "2025-12-08T03:50:03.560Z"
  }
},
{
  "model": "coaches.scheduleblock",
  "pk": 23,
  "fields": {
    "coach": 1,
    "date": "2025-12-13",
    "start_time": "11:00:00",
    "end_time": "12:00:00",
    "session_type": "private",
    "duration_minutes": 60,
    "max_participants": 1,
    "current_participants": 0,
    "price_override": null,
    "status": "available",
    "notes": "",
    "created_at": "2025-12-08T03:50:03.563Z"
  }
},
{
  "model": "coaches.scheduleblock",
  "pk": 24,
  "fields": {
    "coach": 1,
    "date": "2025-12-13",
    "start_time": "16:00:00",
    "end_time": "17:30:00",
    "session_type": "group",
    "duration_minutes": 90,
    "max_participants": 10,
    "current_participants": 0,
    "price_override": null,
    "status": "available",
    "notes": "",
    "created_at": "2025-12-08T03:50:03.566Z"
  }
},
{
  "model": "coaches.scheduleblock",
  "pk": 25,
  "fields": {
    "coach": 4,
    "date": "2025-12-09",
    "start_time": "09:00:00",
    "end_time": "10:00:00",
    "session_type": "private",
    "duration_minutes": 60,
    "max_participants": 1,
    "current_participants": 0,
    "price_override": null,
    "status": "booked",
    "notes": "",
    "created_at": "2025-12-09T19:45:59.935Z"
  }
},
{
  "model": "coaches.scheduleblock",
  "pk": 26,
  "fields": {
    "coach": 4,
    "date": "2025-12-09",
    "start_time": "10:00:00",
    "end_time": "11:00:00",
    "session_type": "group",
    "duration_minutes": 60,
    "max_participants": 6,
    "current_participants": 0,
    "price_override": null,
    "status": "booked",
    "notes": "",
    "created_at": "2025-12-09T19:45:59.939Z"
  }
},
{
  "model": "coaches.scheduleblock",
  "pk": 27,
  "fields": {
    "coach": 4,
    "date": "2025-12-09",
    "start_time": "11:00:00",
    "end_time": "12:00:00",
    "session_type": "private",
    "duration_minutes": 60,
    "max_participants": 1,
    "current_participants": 0,
    "price_override": null,
    "status": "available",
    "notes": "",
    "created_at": "2025-12-09T19:45:59.941Z"
  }
},
{
  "model": "coaches.scheduleblock",
  "pk": 28,
  "fields": {
    "coach": 4,
    "date": "2025-12-09",
    "start_time": "14:00:00",
    "end_time": "15:00:00",
    "session_type": "group",
    "duration_minutes": 60,
    "max_participants": 6,
    "current_participants": 0,
    "price_override": null,
    "status": "available",
    "notes": "",
    "created_at": "2025-12-09T19:45:59.943Z"
  }
},
{
  "model": "coaches.scheduleblock",
  "pk": 29,
  "fields": {
    "coach": 4,
    "date": "2025-12-10",
    "start_time": "09:00:00",
    "end_time": "10:00:00",
    "session_type": "private",
    "duration_minutes": 60,
    "max_participants": 1,
    "current_participants": 0,
    "price_override": null,
    "status": "booked",
    "notes": "",
    "created_at": "2025-12-09T19:45:59.945Z"
  }
},
{
  "model": "coaches.scheduleblock",
  "pk": 30,
  "fields": {
    "coach": 4,
    "date": "2025-12-10",
    "start_time": "10:00:00",
    "end_time": "11:00:00",
    "session_type": "group",
    "duration_minutes": 60,
    "max_participants": 6,
    "current_participants": 0,
    "price_override": null,
    "status": "booked",
    "notes": "",
    "created_at": "2025-12-09T19:45:59.947Z"
  }
},
{
  "model": "coaches.scheduleblock",
  "pk": 31,
  "fields": {
    "coach": 4,
    "date": "2025-12-10",
    "start_time": "11:00:00",
    "end_time": "12:00:00",
    "session_type": "private",
    "duration_minutes": 60,
    "max_participants": 1,
    "current_participants": 0,
    "price_override": null,
    "status": "available",
    "notes": "",
    "created_at": "2025-12-09T19:45:59.949Z"
  }
},
{
  "model": "coaches.scheduleblock",
  "pk": 32,
  "fields": {
    "coach": 4,
    "date": "2025-12-10",
    "start_time": "14:00:00",
    "end_time": "15:00:00",
    "session_type": "group",
    "duration_minutes": 60,
    "max_participants": 6,
    "current_participants": 0,
    "price_override": null,
    "status": "available",
    "notes": "",
    "created_at": "2025-12-09T19:45:59.951Z"
  }
},
{
  "model": "coaches.scheduleblock",
  "pk": 33,
  "fields": {
    "coach": 4,
    "date": "2025-12-10",
    "start_time": "15:00:00",
    "end_time": "16:00:00",
    "session_type": "private",
    "duration_minutes": 60,
    "max_participants": 1,
    "current_participants": 0,
    "price_override": null,
    "status": "available",
    "notes": "",
    "created_at": "2025-12-09T19:45:59.953Z"
  }
},
{
  "model": "coaches.scheduleblock",
  "pk": 34,
  "fields": {
    "coach": 4,
    "date": "2025-12-11",
    "start_time": "09:00:00",
    "end_time": "10:00:00",
    "session_type": "private",
    "duration_minutes": 60,
    "max_participants": 1,
    "current_participants": 0,
    "price_override": null,
    "status": "booked",
    "notes": "",
    "created_at": "2025-12-09T19:45:59.955Z"
  }
},
{
  "model": "coaches.scheduleblock",
  "pk": 35,
  "fields": {
    "coach": 4,
    "date": "2025-12-11",
    "start_time": "10:00:00",
    "end_time": "11:00:00",
    "session_type": "group",
    "duration_minutes": 60,
    "max_participants": 6,
    "current_participants": 0,
    "price_override": null,
    "status": "booked",
    "notes": "",
    "created_at": "2025-12-09T19:45:59.957Z"
  }
},
{
  "model": "coaches.scheduleblock",
  "pk": 36,
  "fields": {
    "coach": 4,
    "date": "2025-12-11",
    "start_time": "11:00:00",
    "end_time": "12:00:00",
    "session_type": "private",
    "duration_minutes": 60,
    "max_participants": 1,
    "current_participants": 0,
    "price_override": null,
    "status": "available",
    "notes": "",
    "created_at": "2025-12-09T19:45:59.959Z"
  }
},
{
  "model": "coaches.scheduleblock",
  "pk": 37,
  "fields": {
    "coach": 4,
    "date": "2025-12-11",
    "start_time": "14:00:00",
    "end_time": "15:00:00",
    "session_type": "group",
    "duration_minutes": 60,
    "max_participants": 6,
    "current_participants": 0,
    "price_override": null,
    "status": "available",
    "notes": "",
    "created_at": "2025-12-09T19:45:59.961Z"
  }
},
{
  "model": "coaches.scheduleblock",
  "pk": 38,
  "fields": {
    "coach": 4,
    "date": "2025-12-11",
    "start_time": "15:00:00",
    "end_time": "16:00:00",
    "session_type": "private",
    "duration_minutes": 60,
    "max_participants": 1,
    "current_participants": 0,
    "price_override": null,
    "status": "available",
    "notes": "",
    "created_at": "2025-12-09T19:45:59.963Z"
  }
},
{
  "model": "coaches.scheduleblock",
  "pk": 39,
  "fields": {
    "coach": 4,
    "date": "2025-12-11",
    "start_time": "16:00:00",
    "end_time": "17:00:00",
    "session_type": "group",
    "duration_minutes": 60,
    "max_participants": 6,
    "current_participants": 0,
    "price_override": null,
    "status": "available",
    "notes": "",
    "created_at": "2025-12-09T19:45:59.965Z"
  }
},
{
  "model": "coaches.scheduleblock",
  "pk": 40,
  "fields": {
    "coach": 4,
    "date": "2025-12-12",
    "start_time": "09:00:00",
    "end_time": "10:00:00",
    "session_type": "private",
    "duration_minutes": 60,
    "max_participants": 1,
    "current_participants": 0,
    "price_override": null,
    "status": "booked",
    "notes": "",
    "created_at": "2025-12-09T19:45:59.967Z"
  }
},
{
  "model": "coaches.scheduleblock",
  "pk": 41,
  "fields": {
    "coach": 4,
    "date": "2025-12-12",
    "start_time": "10:00:00",
    "end_time": "11:00:00",
    "session_type": "group",
    "duration_minutes": 60,
    "max_participants": 6,
    "current_participants": 0,
    "price_override": null,
    "status": "booked",
    "notes": "",
    "created_at": "2025-12-09T19:45:59.969Z"
  }
},
{
  "model": "coaches.scheduleblock",
  "pk": 42,
  "fields": {
    "coach": 4,
    "date": "2025-12-12",
    "start_time": "11:00:00",
    "end_time": "12:00:00",
    "session_type": "private",
    "duration_minutes": 60,
    "max_participants": 1,
    "current_participants": 0,
    "price_override": null,
    "status": "available",
    "notes": "",
    "created_at": "2025-12-09T19:45:59.971Z"
  }
},
{
  "model": "coaches.scheduleblock",
  "pk": 43,
  "fields": {
    "coach": 4,
    "date": "2025-12-12",
    "start_time": "14:00:00",
    "end_time": "15:00:00",
    "session_type": "group",
    "duration_minutes": 60,
    "max_participants": 6,
    "current_participants": 0,
    "price_override": null,
    "status": "available",
    "notes": "",
    "created_at": "2025-12-09T19:45:59.973Z"
  }
},
{
  "model": "coaches.scheduleblock",
  "pk": 44,
  "fields": {
    "coach": 4,
    "date": "2025-12-13",
    "start_time": "09:00:00",
    "end_time": "10:00:00",
    "session_type": "private",
    "duration_minutes": 60,
    "max_participants": 1,
    "current_participants": 0,
    "price_override": null,
    "status": "booked",
    "notes": "",
    "created_at": "2025-12-09T19:45:59.975Z"
  }
},
{
  "model": "coaches.scheduleblock",
  "pk": 45,
  "fields": {
    "coach": 4,
    "date": "2025-12-13",
    "start_time": "10:00:00",
    "end_time": "11:00:00",
    "session_type": "group",
    "duration_minutes": 60,
    "max_participants": 6,
    "current_participants": 0,
    "price_override": null,
    "status": "booked",
    "notes": "",
    "created_at": "2025-12-09T19:45:59.977Z"
  }
},
{
  "model": "coaches.scheduleblock",
  "pk": 46,
  "fields": {
    "coach": 4,
    "date": "2025-12-13",
    "start_time": "11:00:00",
    "end_time": "12:00:00",
    "session_type": "private",
    "duration_minutes": 60,
    "max_participants": 1,
    "current_participants": 0,
    "price_override": null,
    "status": "available",
    "notes": "",
    "created_at": "2025-12-09T19:45:59.979Z"
  }
},
{
  "model": "coaches.scheduleblock",
  "pk": 47,
  "fields": {
    "coach": 4,
    "date": "2025-12-13",
    "start_time": "14:00:00",
    "end_time": "15:00:00",
    "session_type": "group",
    "duration_minutes": 60,
    "max_participants": 6,
    "current_participants": 0,
    "price_override": null,
    "status": "available",
    "notes": "",
    "created_at": "2025-12-09T19:45:59.980Z"
  }
},
{
  "model": "coaches.scheduleblock",
  "pk": 48,
  "fields": {
    "coach": 4,
    "date": "2025-12-13",
    "start_time": "15:00:00",
    "end_time": "16:00:00",
    "session_type": "private",
    "duration_minutes": 60,
    "max_participants": 1,
    "current_participants": 0,
    "price_override": null,
    "status": "available",
    "notes": "",
    "created_at": "2025-12-09T19:45:59.983Z"
  }
},
{
  "model": "coaches.scheduleblock",
  "pk": 49,
  "fields": {
    "coach": 4,
    "date": "2025-12-14",
    "start_time": "09:00:00",
    "end_time": "10:00:00",
    "session_type": "private",
    "duration_minutes": 60,
    "max_participants": 1,
    "current_participants": 0,
    "price_override": null,
    "status": "booked",
    "notes": "",
    "created_at": "2025-12-09T19:45:59.985Z"
  }
},
{
  "model": "coaches.scheduleblock",
  "pk": 50,
  "fields": {
    "coach": 4,
    "date": "2025-12-14",
    "start_time": "10:00:00",
    "end_time": "11:00:00",
    "session_type": "group",
    "duration_minutes": 60,
    "max_participants": 6,
    "current_participants": 0,
    "price_override": null,
    "status": "booked",
    "notes": "",
    "created_at": "2025-12-09T19:45:59.988Z"
  }
},
{
  "model": "coaches.scheduleblock",
  "pk": 51,
  "fields": {
    "coach": 4,
    "date": "2025-12-14",
    "start_time": "11:00:00",
    "end_time": "12:00:00",
    "session_type": "private",
    "duration_minutes": 60,
    "max_participants": 1,
    "current_participants": 0,
    "price_override": null,
    "status": "available",
    "notes": "",
    "created_at": "2025-12-09T19:45:59.990Z"
  }
},
{
  "model": "coaches.scheduleblock",
  "pk": 52,
  "fields": {
    "coach": 4,
    "date": "2025-12-14",
    "start_time": "14:00:00",
    "end_time": "15:00:00",
    "session_type": "group",
    "duration_minutes": 60,
    "max_participants": 6,
    "current_participants": 0,
    "price_override": null,
    "status": "available",
    "notes": "",
    "created_at": "2025-12-09T19:45:59.992Z"
  }
},
{
  "model": "coaches.scheduleblock",
  "pk": 53,
  "fields": {
    "coach": 4,
    "date": "2025-12-14",
    "start_time": "15:00:00",
    "end_time": "16:00:00",
    "session_type": "private",
    "duration_minutes": 60,
    "max_participants": 1,
    "current_participants": 0,
    "price_override": null,
    "status": "available",
    "notes": "",
    "created_at": "2025-12-09T19:45:59.994Z"
  }
},
{
  "model": "coaches.scheduleblock",
  "pk": 54,
  "fields": {
    "coach": 4,
    "date": "2025-12-14",
    "start_time": "16:00:00",
    "end_time": "17:00:00",
    "session_type": "group",
    "duration_minutes": 60,
    "max_participants": 6,
    "current_participants": 0,
    "price_override": null,
    "status": "available",
    "notes": "",
    "created_at": "2025-12-09T19:45:59.996Z"
  }
},
{
  "model": "coaches.scheduleblock",
  "pk": 55,
  "fields": {
    "coach": 4,
    "date": "2025-12-15",
    "start_time": "09:00:00",
    "end_time": "10:00:00",
    "session_type": "private",
    "duration_minutes": 60,
    "max_participants": 1,
    "current_participants": 0,
    "price_override": null,
    "status": "booked",
    "notes": "",
    "created_at": "2025-12-09T19:45:59.998Z"
  }
},
{
  "model": "coaches.scheduleblock",
  "pk": 56,
  "fields": {
    "coach": 4,
    "date": "2025-12-15",
    "start_time": "10:00:00",
    "end_time": "11:00:00",
    "session_type": "group",
    "duration_minutes": 60,
    "max_participants": 6,
    "current_participants": 0,
    "price_override": null,
    "status": "booked",
    "notes": "",
    "created_at": "2025-12-09T19:46:00Z"
  }
},
{
  "model": "coaches.scheduleblock",
  "pk": 57,
  "fields": {
    "coach": 4,
    "date": "2025-12-15",
    "start_time": "11:00:00",
    "end_time": "12:00:00",
    "session_type": "private",
    "duration_minutes": 60,
    "max_participants": 1,
    "current_participants": 0,
    "price_override": null,
    "status": "available",
    "notes": "",
    "created_at": "2025-12-09T19:46:00.002Z"
  }
},
{
  "model": "coaches.scheduleblock",
  "pk": 58,
  "fields": {
    "coach": 4,
    "date": "2025-12-15",
    "start_time": "14:00:00",
    "end_time": "15:00:00",
    "session_type": "group",
    "duration_minutes": 60,
    "max_participants": 6,
    "current_participants": 0,
    "price_override": null,
    "status": "available",
    "notes": "",
    "created_at": "2025-12-09T19:46:00.004Z"
  }
},
{
  "model": "coaches.scheduleblock",
  "pk": 59,
  "fields": {
    "coach": 4,
    "date": "2025-12-16",
    "start_time": "09:00:00",
    "end_time": "10:00:00",
    "session_type": "private",
    "duration_minutes": 60,
    "max_participants": 1,
    "current_participants": 0,
    "price_override": null,
    "status": "booked",
    "notes": "",
    "created_at": "2025-12-09T19:46:00.007Z"
  }
},
{
  "model": "coaches.scheduleblock",
  "pk": 60,
  "fields": {
    "coach": 4,
    "date": "2025-12-16",
    "start_time": "10:00:00",
    "end_time": "11:00:00",
    "session_type": "group",
    "duration_minutes": 60,
    "max_participants": 6,
    "current_participants": 0,
    "price_override": null,
    "status": "booked",
    "notes": "",
    "created_at": "2025-12-09T19:46:00.009Z"
  }
},
{
  "model": "coaches.scheduleblock",
  "pk": 61,
  "fields": {
    "coach": 4,
    "date": "2025-12-16",
    "start_time": "11:00:00",
    "end_time": "12:00:00",
    "session_type": "private",
    "duration_minutes": 60,
    "max_participants": 1,
    "current_participants": 0,
    "price_override": null,
    "status": "available",
    "notes": "",
    "created_at": "2025-12-09T19:46:00.011Z"
  }
},
{
  "model": "coaches.scheduleblock",
  "pk": 62,
  "fields": {
    "coach": 4,
    "date": "2025-12-16",
    "start_time": "14:00:00",
    "end_time": "15:00:00",
    "session_type": "group",
    "duration_minutes": 60,
    "max_participants": 6,
    "current_participants": 0,
    "price_override": null,
    "status": "available",
    "notes": "",
    "created_at": "2025-12-09T19:46:00.013Z"
  }
},
{
  "model": "coaches.scheduleblock",
  "pk": 63,
  "fields": {
    "coach": 4,
    "date": "2025-12-16",
    "start_time": "15:00:00",
    "end_time": "16:00:00",
    "session_type": "private",
    "duration_minutes": 60,
    "max_participants": 1,
    "current_participants": 0,
    "price_override": null,
    "status": "available",
    "notes": "",
    "created_at": "2025-12-09T19:46:00.015Z"
  }
},
{
  "model": "coaches.scheduleblock",
  "pk": 64,
  "fields": {
    "coach": 5,
    "date": "2025-12-09",
    "start_time": "09:00:00",
    "end_time": "10:00:00",
    "session_type": "private",
    "duration_minutes": 60,
    "max_participants": 1,
    "current_participants": 0,
    "price_override": null,
    "status": "booked",
    "notes": "",
    "created_at": "2025-12-09T19:46:00.017Z"
  }
},
{
  "model": "coaches.scheduleblock",
  "pk": 65,
  "fields": {
    "coach": 5,
    "date": "2025-12-09",
    "start_time": "10:00:00",
    "end_time": "11:00:00",
    "session_type": "group",
    "duration_minutes": 60,
    "max_participants": 6,
    "current_participants": 0,
    "price_override": null,
    "status": "booked",
    "notes": "",
    "created_at": "2025-12-09T19:46:00.019Z"
  }
},
{
  "model": "coaches.scheduleblock",
  "pk": 66,
  "fields": {
    "coach": 5,
    "date": "2025-12-09",
    "start_time": "11:00:00",
    "end_time": "12:00:00",
    "session_type": "private",
    "duration_minutes": 60,
    "max_participants": 1,
    "current_participants": 0,
    "price_override": null,
    "status": "available",
    "notes": "",
    "created_at": "2025-12-09T19:46:00.021Z"
  }
},
{
  "model": "coaches.scheduleblock",
  "pk": 67,
  "fields": {
    "coach": 5,
    "date": "2025-12-09",
    "start_time": "14:00:00",
    "end_time": "15:00:00",
    "session_type": "group",
    "duration_minutes": 60,
    "max_participants": 6,
    "current_participants": 0,
    "price_override": null,
    "status": "available",
    "notes": "",
    "created_at": "2025-12-09T19:46:00.023Z"
  }
},
{
  "model": "coaches.scheduleblock",
  "pk": 68,
  "fields": {
    "coach": 5,
    "date": "2025-12-10",
    "start_time": "09:00:00",
    "end_time": "10:00:00",
    "session_type": "private",
    "duration_minutes": 60,
    "max_participants": 1,
    "current_participants": 0,
    "price_override": null,
    "status": "booked",
    "notes": "",
    "created_at": "2025-12-09T19:46:00.025Z"
  }
},
{
  "model": "coaches.scheduleblock",
  "pk": 69,
  "fields": {
    "coach": 5,
    "date": "2025-12-10",
    "start_time": "10:00:00",
    "end_time": "11:00:00",
    "session_type": "group",
    "duration_minutes": 60,
    "max_participants": 6,
    "current_participants": 0,
    "price_override": null,
    "status": "booked",
    "notes": "",
    "created_at": "2025-12-09T19:46:00.027Z"
  }
},
{
  "model": "coaches.scheduleblock",
  "pk": 70,
  "fields": {
    "coach": 5,
    "date": "2025-12-10",
    "start_time": "11:00:00",
    "end_time": "12:00:00",
    "session_type": "private",
    "duration_minutes": 60,
    "max_participants": 1,
    "current_participants": 0,
    "price_override": null,
    "status": "available",
    "notes": "",
    "created_at": "2025-12-09T19:46:00.029Z"
  }
},
{
  "model": "coaches.scheduleblock",
  "pk": 71,
  "fields": {
    "coach": 5,
    "date": "2025-12-10",
    "start_time": "14:00:00",
    "end_time": "15:00:00",
    "session_type": "group",
    "duration_minutes": 60,
    "max_participants": 6,
    "current_participants": 0,
    "price_override": null,
    "status": "available",
    "notes": "",
    "created_at": "2025-12-09T19:46:00.031Z"
  }
},
{
  "model": "coaches.scheduleblock",
  "pk": 72,
  "fields": {
    "coach": 5,
    "date": "2025-12-10",
    "start_time": "15:00:00",
    "end_time": "16:00:00",
    "session_type": "private",
    "duration_minutes": 60,
    "max_participants": 1,
    "current_participants": 0,
    "price_override": null,
    "status": "available",
    "notes": "",
    "created_at": "2025-12-09T19:46:00.033Z"
  }
},
{
  "model": "coaches.scheduleblock",
  "pk": 73,
  "fields": {
    "coach": 5,
    "date": "2025-12-11",
    "start_time": "09:00:00",
    "end_time": "10:00:00",
    "session_type": "private",
    "duration_minutes": 60,
    "max_participants": 1,
    "current_participants": 0,
    "price_override": null,
    "status": "booked",
    "notes": "",
    "created_at": "2025-12-09T19:46:00.035Z"
  }
},
{
  "model": "coaches.scheduleblock",
  "pk": 74,
  "fields": {
    "coach": 5,
    "date": "2025-12-11",
    "start_time": "10:00:00",
    "end_time": "11:00:00",
    "session_type": "group",
    "duration_minutes": 60,
    "max_participants": 6,
    "current_participants": 0,
    "price_override": null,
    "status": "booked",
    "notes": "",
    "created_at": "2025-12-09T19:46:00.037Z"
  }
},
{
  "model": "coaches.scheduleblock",
  "pk": 75,
  "fields": {
    "coach": 5,
    "date": "2025-12-11",
    "start_time": "11:00:00",
    "end_time": "12:00:00",
    "session_type": "private",
    "duration_minutes": 60,
    "max_participants": 1,
    "current_participants": 0,
    "price_override": null,
    "status": "available",
    "notes": "",
    "created_at": "2025-12-09T19:46:00.039Z"
  }
},
{
  "model": "coaches.scheduleblock",
  "pk": 76,
  "fields": {
    "coach": 5,
    "date": "2025-12-11",
    "start_time": "14:00:00",
    "end_time": "15:00:00",
    "session_type": "group",
    "duration_minutes": 60,
    "max_participants": 6,
    "current_participants": 0,
    "price_override": null,
    "status": "available",
    "notes": "",
    "created_at": "2025-12-09T19:46:00.041Z"
  }
},
{
  "model": "coaches.scheduleblock",
  "pk": 77,
  "fields": {
    "coach": 5,
    "date": "2025-12-11",
    "start_time": "15:00:00",
    "end_time": "16:00:00",
    "session_type": "private",
    "duration_minutes": 60,
    "max_participants": 1,
    "current_participants": 0,
    "price_override": null,
    "status": "available",
    "notes": "",
    "created_at": "2025-12-09T19:46:00.043Z"
  }
},
{
  "model": "coaches.scheduleblock",
  "pk": 78,
  "fields": {
    "coach": 5,
    "date": "2025-12-11",
    "start_time": "16:00:00",
    "end_time": "17:00:00",
    "session_type": "group",
    "duration_minutes": 60,
    "max_participants": 6,
    "current_participants": 0,
    "price_override": null,
    "status": "available",
    "notes": "",
    "created_at": "2025-12-09T19:46:00.045Z"
  }
},
{
  "model": "coaches.scheduleblock",
  "pk": 79,
  "fields": {
    "coach": 5,
    "date": "2025-12-12",
    "start_time": "09:00:00",
    "end_time": "10:00:00",
    "session_type": "private",
    "duration_minutes": 60,
    "max_participants": 1,
    "current_participants": 0,
    "price_override": null,
    "status": "booked",
    "notes": "",
    "created_at": "2025-12-09T19:46:00.047Z"
  }
},
{
  "model": "coaches.scheduleblock",
  "pk": 80,
  "fields": {
    "coach": 5,
    "date": "2025-12-12",
    "start_time": "10:00:00",
    "end_time": "11:00:00",
    "session_type": "group",
    "duration_minutes": 60,
    "max_participants": 6,
    "current_participants": 0,
    "price_override": null,
    "status": "booked",
    "notes": "",
    "created_at": "2025-12-09T19:46:00.049Z"
  }
},
{
  "model": "coaches.scheduleblock",
  "pk": 81,
  "fields": {
    "coach": 5,
    "date": "2025-12-12",
    "start_time": "11:00:00",
    "end_time": "12:00:00",
    "session_type": "private",
    "duration_minutes": 60,
    "max_participants": 1,
    "current_participants": 0,
    "price_override": null,
    "status": "available",
    "notes": "",
    "created_at": "2025-12-09T19:46:00.051Z"
  }
},
{
  "model": "coaches.scheduleblock",
  "pk": 82,
  "fields": {
    "coach": 5,
    "date": "2025-12-12",
    "start_time": "14:00:00",
    "end_time": "15:00:00",
    "session_type": "group",
    "duration_minutes": 60,
    "max_participants": 6,
    "current_participants": 0,
    "price_override": null,
    "status": "available",
    "notes": "",
    "created_at": "2025-12-09T19:46:00.053Z"
  }
},
{
  "model": "coaches.scheduleblock",
  "pk": 83,
  "fields": {
    "coach": 5,
    "date": "2025-12-13",
    "start_time": "09:00:00",
    "end_time": "10:00:00",
    "session_type": "private",
    "duration_minutes": 60,
    "max_participants": 1,
    "current_participants": 0,
    "price_override": null,
    "status": "booked",
    "notes": "",
    "created_at": "2025-12-09T19:46:00.055Z"
  }
},
{
  "model": "coaches.scheduleblock",
  "pk": 84,
  "fields": {
    "coach": 5,
    "date": "2025-12-13",
    "start_time": "10:00:00",
    "end_time": "11:00:00",
    "session_type": "group",
    "duration_minutes": 60,
    "max_participants": 6,
    "current_participants": 0,
    "price_override": null,
    "status": "booked",
    "notes": "",
    "created_at": "2025-12-09T19:46:00.057Z"
  }
},
{
  "model": "coaches.scheduleblock",
  "pk": 85,
  "fields": {
    "coach": 5,
    "date": "2025-12-13",
    "start_time": "11:00:00",
    "end_time": "12:00:00",
    "session_type": "private",
    "duration_minutes": 60,
    "max_participants": 1,
    "current_participants": 0,
    "price_override": null,
    "status": "available",
    "notes": "",
    "created_at": "2025-12-09T19:46:00.059Z"
  }
},
{
  "model": "coaches.scheduleblock",
  "pk": 86,
  "fields": {
    "coach": 5,
    "date": "2025-12-13",
    "start_time": "14:00:00",
    "end_time": "15:00:00",
    "session_type": "group",
    "duration_minutes": 60,
    "max_participants": 6,
    "current_participants": 0,
    "price_override": null,
    "status": "available",
    "notes": "",
    "created_at": "2025-12-09T19:46:00.061Z"
  }
},
{
  "model": "coaches.scheduleblock",
  "pk": 87,
  "fields": {
    "coach": 5,
    "date": "2025-12-13",
    "start_time": "15:00:00",
    "end_time": "16:00:00",
    "session_type": "private",
    "duration_minutes": 60,
    "max_participants": 1,
    "current_participants": 0,
    "price_override": null,
    "status": "available",
    "notes": "",
    "created_at": "2025-12-09T19:46:00.063Z"
  }
},
{
  "model": "coaches.scheduleblock",
  "pk": 88,
  "fields": {
    "coach": 5,
    "date": "2025-12-14",
    "start_time": "09:00:00",
    "end_time": "10:00:00",
    "session_type": "private",
    "duration_minutes": 60,
    "max_participants": 1,
    "current_participants": 0,
    "price_override": null,
    "status": "booked",
    "notes": "",
    "created_at": "2025-12-09T19:46:00.065Z"
  }
},
{
  "model": "coaches.scheduleblock",
  "pk": 89,
  "fields": {
    "coach": 5,
    "date": "2025-12-14",
    "start_time": "10:00:00",
    "end_time": "11:00:00",
    "session_type": "group",
    "duration_minutes": 60,
    "max_participants": 6,
    "current_participants": 0,
    "price_override": null,
    "status": "booked",
    "notes": "",
    "created_at": "2025-12-09T19:46:00.067Z"
  }
},
{
  "model": "coaches.scheduleblock",
  "pk": 90,
  "fields": {
    "coach": 5,
    "date": "2025-12-14",
    "start_time": "11:00:00",
    "end_time": "12:00:00",
    "session_type": "private",
    "duration_minutes": 60,
    "max_participants": 1,
    "current_participants": 0,
    "price_override": null,
    "status": "available",
    "notes": "",
    "created_at": "2025-12-09T19:46:00.069Z"
  }
},
{
  "model": "coaches.scheduleblock",
  "pk": 91,
  "fields": {
    "coach": 5,
    "date": "2025-12-14",
    "start_time": "14:00:00",
    "end_time": "15:00:00",
    "session_type": "group",
    "duration_minutes": 60,
    "max_participants": 6,
    "current_participants": 0,
    "price_override": null,
    "status": "available",
    "notes": "",
    "created_at": "2025-12-09T19:46:00.071Z"
  }
},
{
  "model": "coaches.scheduleblock",
  "pk": 92,
  "fields": {
    "coach": 5,
    "date": "2025-12-14",
    "start_time": "15:00:00",
    "end_time": "16:00:00",
    "session_type": "private",
    "duration_minutes": 60,
    "max_participants": 1,
    "current_participants": 0,
    "price_override": null,
    "status": "available",
    "notes": "",
    "created_at": "2025-12-09T19:46:00.073Z"
  }
},
{
  "model": "coaches.scheduleblock",
  "pk": 93,
  "fields": {
    "coach": 5,
    "date": "2025-12-14",
    "start_time": "16:00:00",
    "end_time": "17:00:00",
    "session_type": "group",
    "duration_minutes": 60,
    "max_participants": 6,
    "current_participants": 0,
    "price_override": null,
    "status": "available",
    "notes": "",
    "created_at": "2025-12-09T19:46:00.074Z"
  }
},
{
  "model": "coaches.scheduleblock",
  "pk": 94,
  "fields": {
    "coach": 5,
    "date": "2025-12-15",
    "start_time": "09:00:00",
    "end_time": "10:00:00",
    "session_type": "private",
    "duration_minutes": 60,
    "max_participants": 1,
    "current_participants": 0,
    "price_override": null,
    "status": "booked",
    "notes": "",
    "created_at": "2025-12-09T19:46:00.076Z"
  }
},
{
  "model": "coaches.scheduleblock",
  "pk": 95,
  "fields": {
    "coach": 5,
    "date": "2025-12-15",
    "start_time": "10:00:00",
    "end_time": "11:00:00",
    "session_type": "group",
    "duration_minutes": 60,
    "max_participants": 6,
    "current_participants": 0,
    "price_override": null,
    "status": "booked",
    "notes": "",
    "created_at": "2025-12-09T19:46:00.078Z"
  }
},
{
  "model": "coaches.scheduleblock",
  "pk": 96,
  "fields": {
    "coach": 5,
    "date": "2025-12-15",
    "start_time": "11:00:00",
    "end_time": "12:00:00",
    "session_type": "private",
    "duration_minutes": 60,
    "max_participants": 1,
    "current_participants": 0,
    "price_override": null,
    "status": "available",
    "notes": "",
    "created_at": "2025-12-09T19:46:00.080Z"
  }
},
{
  "model": "coaches.scheduleblock",
  "pk": 97,
  "fields": {
    "coach": 5,
    "date": "2025-12-15",
    "start_time": "14:00:00",
    "end_time": "15:00:00",
    "session_type": "group",
    "duration_minutes": 60,
    "max_participants": 6,
    "current_participants": 0,
    "price_override": null,
    "status": "available",
    "notes": "",
    "created_at": "2025-12-09T19:46:00.082Z"
  }
},
{
  "model": "coaches.scheduleblock",
  "pk": 98,
  "fields": {
    "coach": 5,
    "date": "2025-12-16",
    "start_time": "09:00:00",
    "end_time": "10:00:00",
    "session_type": "private",
    "duration_minutes": 60,
    "max_participants": 1,
    "current_participants": 0,
    "price_override": null,
    "status": "booked",
    "notes": "",
    "created_at": "2025-12-09T19:46:00.084Z"
  }
},
{
  "model": "coaches.scheduleblock",
  "pk": 99,
  "fields": {
    "coach": 5,
    "date": "2025-12-16",
    "start_time": "10:00:00",
    "end_time": "11:00:00",
    "session_type": "group",
    "duration_minutes": 60,
    "max_participants": 6,
    "current_participants": 0,
    "price_override": null,
    "status": "booked",
    "notes": "",
    "created_at": "2025-12-09T19:46:00.086Z"
  }
},
{
  "model": "coaches.scheduleblock",
  "pk": 100,
  "fields": {
    "coach": 5,
    "date": "2025-12-16",
    "start_time": "11:00:00",
    "end_time": "12:00:00",
    "session_type": "private",
    "duration_minutes": 60,
    "max_participants": 1,
    "current_participants": 0,
    "price_override": null,
    "status": "available",
    "notes": "",
    "created_at": "2025-12-09T19:46:00.088Z"
  }
},
{
  "model": "coaches.scheduleblock",
  "pk": 101,
  "fields": {
    "coach": 5,
    "date": "2025-12-16",
    "start_time": "14:00:00",
    "end_time": "15:00:00",
    "session_type": "group",
    "duration_minutes": 60,
    "max_participants": 6,
    "current_participants": 0,
    "price_override": null,
    "status": "available",
    "notes": "",
    "created_at": "2025-12-09T19:46:00.090Z"
  }
},
{
  "model": "coaches.scheduleblock",
  "pk": 102,
  "fields": {
    "coach": 5,
    "date": "2025-12-16",
    "start_time": "15:00:00",
    "end_time": "16:00:00",
    "session_type": "private",
    "duration_minutes": 60,
    "max_participants": 1,
    "current_participants": 0,
    "price_override": null,
    "status": "available",
    "notes": "",
    "created_at": "2025-12-09T19:46:00.092Z"
  }
},
{
  "model": "coaches.scheduleblock",
  "pk": 103,
  "fields": {
    "coach": 1,
    "date": "2025-12-09",
    "start_time": "14:00:00",
    "end_time": "15:00:00",
    "session_type": "group",
    "duration_minutes": 60,
    "max_participants": 6,
    "current_participants": 0,
    "price_override": null,
    "status": "available",
    "notes": "",
    "created_at": "2025-12-09T19:46:00.096Z"
  }
},
{
  "model": "coaches.scheduleblock",
  "pk": 104,
  "fields": {
    "coach": 1,
    "date": "2025-12-10",
    "start_time": "14:00:00",
    "end_time": "15:00:00",
    "session_type": "group",
    "duration_minutes": 60,
    "max_participants": 6,
    "current_participants": 0,
    "price_override": null,
    "status": "available",
    "notes": "",
    "created_at": "2025-12-09T19:46:00.101Z"
  }
},
{
  "model": "coaches.scheduleblock",
  "pk": 105,
  "fields": {
    "coach": 1,
    "date": "2025-12-10",
    "start_time": "15:00:00",
    "end_time": "16:00:00",
    "session_type": "private",
    "duration_minutes": 60,
    "max_participants": 1,
    "current_participants": 0,
    "price_override": null,
    "status": "available",
    "notes": "",
    "created_at": "2025-12-09T19:46:00.103Z"
  }
},
{
  "model": "coaches.scheduleblock",
  "pk": 106,
  "fields": {
    "coach": 1,
    "date": "2025-12-11",
    "start_time": "14:00:00",
    "end_time": "15:00:00",
    "session_type": "group",
    "duration_minutes": 60,
    "max_participants": 6,
    "current_participants": 0,
    "price_override": null,
    "status": "available",
    "notes": "",
    "created_at": "2025-12-09T19:46:00.107Z"
  }
},
{
  "model": "coaches.scheduleblock",
  "pk": 107,
  "fields": {
    "coach": 1,
    "date": "2025-12-11",
    "start_time": "15:00:00",
    "end_time": "16:00:00",
    "session_type": "private",
    "duration_minutes": 60,
    "max_participants": 1,
    "current_participants": 0,
    "price_override": null,
    "status": "available",
    "notes": "",
    "created_at": "2025-12-09T19:46:00.109Z"
  }
},
{
  "model": "coaches.scheduleblock",
  "pk": 108,
  "fields": {
    "coach": 1,
    "date": "2025-12-12",
    "start_time": "14:00:00",
    "end_time": "15:00:00",
    "session_type": "group",
    "duration_minutes": 60,
    "max_participants": 6,
    "current_participants": 0,
    "price_override": null,
    "status": "available",
    "notes": "",
    "created_at": "2025-12-09T19:46:00.113Z"
  }
},
{
  "model": "coaches.scheduleblock",
  "pk": 109,
  "fields": {
    "coach": 1,
    "date": "2025-12-13",
    "start_time": "14:00:00",
    "end_time": "15:00:00",
    "session_type": "group",
    "duration_minutes": 60,
    "max_participants": 6,
    "current_participants": 0,
    "price_override": null,
    "status": "available",
    "notes": "",
    "created_at": "2025-12-09T19:46:00.117Z"
  }
},
{
  "model": "coaches.scheduleblock",
  "pk": 110,
  "fields": {
    "coach": 1,
    "date": "2025-12-13",
    "start_time": "15:00:00",
    "end_time": "16:00:00",
    "session_type": "private",
    "duration_minutes": 60,
    "max_participants": 1,
    "current_participants": 0,
    "price_override": null,
    "status": "available",
    "notes": "",
    "created_at": "2025-12-09T19:46:00.119Z"
  }
},
{
  "model": "coaches.scheduleblock",
  "pk": 111,
  "fields": {
    "coach": 1,
    "date": "2025-12-14",
    "start_time": "09:00:00",
    "end_time": "10:00:00",
    "session_type": "private",
    "duration_minutes": 60,
    "max_participants": 1,
    "current_participants": 0,
    "price_override": null,
    "status": "booked",
    "notes": "",
    "created_at": "2025-12-09T19:46:00.121Z"
  }
},
{
  "model": "coaches.scheduleblock",
  "pk": 112,
  "fields": {
    "coach": 1,
    "date": "2025-12-14",
    "start_time": "10:00:00",
    "end_time": "11:00:00",
    "session_type": "group",
    "duration_minutes": 60,
    "max_participants": 6,
    "current_participants": 0,
    "price_override": null,
    "status": "booked",
    "notes": "",
    "created_at": "2025-12-09T19:46:00.123Z"
  }
},
{
  "model": "coaches.scheduleblock",
  "pk": 113,
  "fields": {
    "coach": 1,
    "date": "2025-12-14",
    "start_time": "11:00:00",
    "end_time": "12:00:00",
    "session_type": "private",
    "duration_minutes": 60,
    "max_participants": 1,
    "current_participants": 0,
    "price_override": null,
    "status": "available",
    "notes": "",
    "created_at": "2025-12-09T19:46:00.125Z"
  }
},
{
  "model": "coaches.scheduleblock",
  "pk": 114,
  "fields": {
    "coach": 1,
    "date": "2025-12-14",
    "start_time": "14:00:00",
    "end_time": "15:00:00",
    "session_type": "group",
    "duration_minutes": 60,
    "max_participants": 6,
    "current_participants": 0,
    "price_override": null,
    "status": "available",
    "notes": "",
    "created_at": "2025-12-09T19:46:00.127Z"
  }
},
{
  "model": "coaches.scheduleblock",
  "pk": 115,
  "fields": {
    "coach": 1,
    "date": "2025-12-14",
    "start_time": "15:00:00",
    "end_time": "16:00:00",
    "session_type": "private",
    "duration_minutes": 60,
    "max_participants": 1,
    "current_participants": 0,
    "price_override": null,
    "status": "available",
    "notes": "",
    "created_at": "2025-12-09T19:46:00.129Z"
  }
},
{
  "model": "coaches.scheduleblock",
  "pk": 116,
  "fields": {
    "coach": 1,
    "date": "2025-12-14",
    "start_time": "16:00:00",
    "end_time": "17:00:00",
    "session_type": "group",
    "duration_minutes": 60,
    "max_participants": 6,
    "current_participants": 0,
    "price_override": null,
    "status": "available",
    "notes": "",
    "created_at": "2025-12-09T19:46:00.131Z"
  }
},
{
  "model": "coaches.scheduleblock",
  "pk": 117,
  "fields": {
    "coach": 1,
    "date": "2025-12-15",
    "start_time": "09:00:00",
    "end_time": "10:00:00",
    "session_type": "private",
    "duration_minutes": 60,
    "max_participants": 1,
    "current_participants": 0,
    "price_override": null,
    "status": "booked",
    "notes": "",
    "created_at": "2025-12-09T19:46:00.133Z"
  }
},
{
  "model": "coaches.scheduleblock",
  "pk": 118,
  "fields": {
    "coach": 1,
    "date": "2025-12-15",
    "start_time": "10:00:00",
    "end_time": "11:00:00",
    "session_type": "group",
    "duration_minutes": 60,
    "max_participants": 6,
    "current_participants": 0,
    "price_override": null,
    "status": "booked",
    "notes": "",
    "created_at": "2025-12-09T19:46:00.135Z"
  }
},
{
  "model": "coaches.scheduleblock",
  "pk": 119,
  "fields": {
    "coach": 1,
    "date": "2025-12-15",
    "start_time": "11:00:00",
    "end_time": "12:00:00",
    "session_type": "private",
    "duration_minutes": 60,
    "max_participants": 1,
    "current_participants": 0,
    "price_override": null,
    "status": "available",
    "notes": "",
    "created_at": "2025-12-09T19:46:00.137Z"
  }
},
{
  "model": "coaches.scheduleblock",
  "pk": 120,
  "fields": {
    "coach": 1,
    "date": "2025-12-15",
    "start_time": "14:00:00",
    "end_time": "15:00:00",
    "session_type": "group",
    "duration_minutes": 60,
    "max_participants": 6,
    "current_participants": 0,
    "price_override": null,
    "status": "available",
    "notes": "",
    "created_at": "2025-12-09T19:46:00.139Z"
  }
},
{
  "model": "coaches.scheduleblock",
  "pk": 121,
  "fields": {
    "coach": 1,
    "date": "2025-12-16",
    "start_time": "09:00:00",
    "end_time": "10:00:00",
    "session_type": "private",
    "duration_minutes": 60,
    "max_participants": 1,
    "current_participants": 0,
    "price_override": null,
    "status": "booked",
    "notes": "",
    "created_at": "2025-12-09T19:46:00.141Z"
  }
},
{
  "model": "coaches.scheduleblock",
  "pk": 122,
  "fields": {
    "coach": 1,
    "date": "2025-12-16",
    "start_time": "10:00:00",
    "end_time": "11:00:00",
    "session_type": "group",
    "duration_minutes": 60,
    "max_participants": 6,
    "current_participants": 0,
    "price_override": null,
    "status": "booked",
    "notes": "",
    "created_at": "2025-12-09T19:46:00.143Z"
  }
},
{
  "model": "coaches.scheduleblock",
  "pk": 123,
  "fields": {
    "coach": 1,
    "date": "2025-12-16",
    "start_time": "11:00:00",
    "end_time": "12:00:00",
    "session_type": "private",
    "duration_minutes": 60,
    "max_participants": 1,
    "current_participants": 0,
    "price_override": null,
    "status": "available",
    "notes": "",
    "created_at": "2025-12-09T19:46:00.145Z"
  }
},
{
  "model": "coaches.scheduleblock",
  "pk": 124,
  "fields": {
    "coach": 1,
    "date": "2025-12-16",
    "start_time": "14:00:00",
    "end_time": "15:00:00",
    "session_type": "group",
    "duration_minutes": 60,
    "max_participants": 6,
    "current_participants": 0,
    "price_override": null,
    "status": "available",
    "notes": "",
    "created_at": "2025-12-09T19:46:00.147Z"
  }
},
{
  "model": "coaches.scheduleblock",
  "pk": 125,
  "fields": {
    "coach": 1,
    "date": "2025-12-16",
    "start_time": "15:00:00",
    "end_time": "16:00:00",
    "session_type": "private",
    "duration_minutes": 60,
    "max_participants": 1,
    "current_participants": 0,
    "price_override": null,
    "status": "available",
    "notes": "",
    "created_at": "2025-12-09T19:46:00.149Z"
  }
},
{
  "model": "coaches.scheduleblock",
  "pk": 126,
  "fields": {
    "coach": 2,
    "date": "2025-12-09",
    "start_time": "09:00:00",
    "end_time": "10:00:00",
    "session_type": "private",
    "duration_minutes": 60,
    "max_participants": 1,
    "current_participants": 0,
    "price_override": null,
    "status": "booked",
    "notes": "",
    "created_at": "2025-12-09T19:46:00.152Z"
  }
},
{
  "model": "coaches.scheduleblock",
  "pk": 127,
  "fields": {
    "coach": 2,
    "date": "2025-12-09",
    "start_time": "10:00:00",
    "end_time": "11:00:00",
    "session_type": "group",
    "duration_minutes": 60,
    "max_participants": 6,
    "current_participants": 0,
    "price_override": null,
    "status": "booked",
    "notes": "",
    "created_at": "2025-12-09T19:46:00.154Z"
  }
},
{
  "model": "coaches.scheduleblock",
  "pk": 128,
  "fields": {
    "coach": 2,
    "date": "2025-12-09",
    "start_time": "11:00:00",
    "end_time": "12:00:00",
    "session_type": "private",
    "duration_minutes": 60,
    "max_participants": 1,
    "current_participants": 0,
    "price_override": null,
    "status": "available",
    "notes": "",
    "created_at": "2025-12-09T19:46:00.156Z"
  }
},
{
  "model": "coaches.scheduleblock",
  "pk": 129,
  "fields": {
    "coach": 2,
    "date": "2025-12-09",
    "start_time": "14:00:00",
    "end_time": "15:00:00",
    "session_type": "group",
    "duration_minutes": 60,
    "max_participants": 6,
    "current_participants": 0,
    "price_override": null,
    "status": "available",
    "notes": "",
    "created_at": "2025-12-09T19:46:00.158Z"
  }
},
{
  "model": "coaches.scheduleblock",
  "pk": 130,
  "fields": {
    "coach": 2,
    "date": "2025-12-10",
    "start_time": "09:00:00",
    "end_time": "10:00:00",
    "session_type": "private",
    "duration_minutes": 60,
    "max_participants": 1,
    "current_participants": 0,
    "price_override": null,
    "status": "booked",
    "notes": "",
    "created_at": "2025-12-09T19:46:00.160Z"
  }
},
{
  "model": "coaches.scheduleblock",
  "pk": 131,
  "fields": {
    "coach": 2,
    "date": "2025-12-10",
    "start_time": "10:00:00",
    "end_time": "11:00:00",
    "session_type": "group",
    "duration_minutes": 60,
    "max_participants": 6,
    "current_participants": 0,
    "price_override": null,
    "status": "booked",
    "notes": "",
    "created_at": "2025-12-09T19:46:00.162Z"
  }
},
{
  "model": "coaches.scheduleblock",
  "pk": 132,
  "fields": {
    "coach": 2,
    "date": "2025-12-10",
    "start_time": "11:00:00",
    "end_time": "12:00:00",
    "session_type": "private",
    "duration_minutes": 60,
    "max_participants": 1,
    "current_participants": 0,
    "price_override": null,
    "status": "available",
    "notes": "",
    "created_at": "2025-12-09T19:46:00.164Z"
  }
},
{
  "model": "coaches.scheduleblock",
  "pk": 133,
  "fields": {
    "coach": 2,
    "date": "2025-12-10",
    "start_time": "14:00:00",
    "end_time": "15:00:00",
    "session_type": "group",
    "duration_minutes": 60,
    "max_participants": 6,
    "current_participants": 0,
    "price_override": null,
    "status": "available",
    "notes": "",
    "created_at": "2025-12-09T19:46:00.166Z"
  }
},
{
  "model": "coaches.scheduleblock",
  "pk": 134,
  "fields": {
    "coach": 2,
    "date": "2025-12-10",
    "start_time": "15:00:00",
    "end_time": "16:00:00",
    "session_type": "private",
    "duration_minutes": 60,
    "max_participants": 1,
    "current_participants": 0,
    "price_override": null,
    "status": "available",
    "notes": "",
    "created_at": "2025-12-09T19:46:00.167Z"
  }
},
{
  "model": "coaches.scheduleblock",
  "pk": 135,
  "fields": {
    "coach": 2,
    "date": "2025-12-11",
    "start_time": "09:00:00",
    "end_time": "10:00:00",
    "session_type": "private",
    "duration_minutes": 60,
    "max_participants": 1,
    "current_participants": 0,
    "price_override": null,
    "status": "booked",
    "notes": "",
    "created_at": "2025-12-09T19:46:00.169Z"
  }
},
{
  "model": "coaches.scheduleblock",
  "pk": 136,
  "fields": {
    "coach": 2,
    "date": "2025-12-11",
    "start_time": "10:00:00",
    "end_time": "11:00:00",
    "session_type": "group",
    "duration_minutes": 60,
    "max_participants": 6,
    "current_participants": 0,
    "price_override": null,
    "status": "booked",
    "notes": "",
    "created_at": "2025-12-09T19:46:00.171Z"
  }
},
{
  "model": "coaches.scheduleblock",
  "pk": 137,
  "fields": {
    "coach": 2,
    "date": "2025-12-11",
    "start_time": "11:00:00",
    "end_time": "12:00:00",
    "session_type": "private",
    "duration_minutes": 60,
    "max_participants": 1,
    "current_participants": 0,
    "price_override": null,
    "status": "available",
    "notes": "",
    "created_at": "2025-12-09T19:46:00.173Z"
  }
},
{
  "model": "coaches.scheduleblock",
  "pk": 138,
  "fields": {
    "coach": 2,
    "date": "2025-12-11",
    "start_time": "14:00:00",
    "end_time": "15:00:00",
    "session_type": "group",
    "duration_minutes": 60,
    "max_participants": 6,
    "current_participants": 0,
    "price_override": null,
    "status": "available",
    "notes": "",
    "created_at": "2025-12-09T19:46:00.175Z"
  }
},
{
  "model": "coaches.scheduleblock",
  "pk": 139,
  "fields": {
    "coach": 2,
    "date": "2025-12-11",
    "start_time": "15:00:00",
    "end_time": "16:00:00",
    "session_type": "private",
    "duration_minutes": 60,
    "max_participants": 1,
    "current_participants": 0,
    "price_override": null,
    "status": "available",
    "notes": "",
    "created_at": "2025-12-09T19:46:00.177Z"
  }
},
{
  "model": "coaches.scheduleblock",
  "pk": 140,
  "fields": {
    "coach": 2,
    "date": "2025-12-11",
    "start_time": "16:00:00",
    "end_time": "17:00:00",
    "session_type": "group",
    "duration_minutes": 60,
    "max_participants": 6,
    "current_participants": 0,
    "price_override": null,
    "status": "available",
    "notes": "",
    "created_at": "2025-12-09T19:46:00.179Z"
  }
},
{
  "model": "coaches.scheduleblock",
  "pk": 141,
  "fields": {
    "coach": 2,
    "date": "2025-12-12",
    "start_time": "09:00:00",
    "end_time": "10:00:00",
    "session_type": "private",
    "duration_minutes": 60,
    "max_participants": 1,
    "current_participants": 0,
    "price_override": null,
    "status": "booked",
    "notes": "",
    "created_at": "2025-12-09T19:46:00.181Z"
  }
},
{
  "model": "coaches.scheduleblock",
  "pk": 142,
  "fields": {
    "coach": 2,
    "date": "2025-12-12",
    "start_time": "10:00:00",
    "end_time": "11:00:00",
    "session_type": "group",
    "duration_minutes": 60,
    "max_participants": 6,
    "current_participants": 0,
    "price_override": null,
    "status": "booked",
    "notes": "",
    "created_at": "2025-12-09T19:46:00.183Z"
  }
},
{
  "model": "coaches.scheduleblock",
  "pk": 143,
  "fields": {
    "coach": 2,
    "date": "2025-12-12",
    "start_time": "11:00:00",
    "end_time": "12:00:00",
    "session_type": "private",
    "duration_minutes": 60,
    "max_participants": 1,
    "current_participants": 0,
    "price_override": null,
    "status": "available",
    "notes": "",
    "created_at": "2025-12-09T19:46:00.185Z"
  }
},
{
  "model": "coaches.scheduleblock",
  "pk": 144,
  "fields": {
    "coach": 2,
    "date": "2025-12-12",
    "start_time": "14:00:00",
    "end_time": "15:00:00",
    "session_type": "group",
    "duration_minutes": 60,
    "max_participants": 6,
    "current_participants": 0,
    "price_override": null,
    "status": "available",
    "notes": "",
    "created_at": "2025-12-09T19:46:00.187Z"
  }
},
{
  "model": "coaches.scheduleblock",
  "pk": 145,
  "fields": {
    "coach": 2,
    "date": "2025-12-13",
    "start_time": "09:00:00",
    "end_time": "10:00:00",
    "session_type": "private",
    "duration_minutes": 60,
    "max_participants": 1,
    "current_participants": 0,
    "price_override": null,
    "status": "booked",
    "notes": "",
    "created_at": "2025-12-09T19:46:00.189Z"
  }
},
{
  "model": "coaches.scheduleblock",
  "pk": 146,
  "fields": {
    "coach": 2,
    "date": "2025-12-13",
    "start_time": "10:00:00",
    "end_time": "11:00:00",
    "session_type": "group",
    "duration_minutes": 60,
    "max_participants": 6,
    "current_participants": 0,
    "price_override": null,
    "status": "booked",
    "notes": "",
    "created_at": "2025-12-09T19:46:00.191Z"
  }
},
{
  "model": "coaches.scheduleblock",
  "pk": 147,
  "fields": {
    "coach": 2,
    "date": "2025-12-13",
    "start_time": "11:00:00",
    "end_time": "12:00:00",
    "session_type": "private",
    "duration_minutes": 60,
    "max_participants": 1,
    "current_participants": 0,
    "price_override": null,
    "status": "available",
    "notes": "",
    "created_at": "2025-12-09T19:46:00.193Z"
  }
},
{
  "model": "coaches.scheduleblock",
  "pk": 148,
  "fields": {
    "coach": 2,
    "date": "2025-12-13",
    "start_time": "14:00:00",
    "end_time": "15:00:00",
    "session_type": "group",
    "duration_minutes": 60,
    "max_participants": 6,
    "current_participants": 0,
    "price_override": null,
    "status": "available",
    "notes": "",
    "created_at": "2025-12-09T19:46:00.195Z"
  }
},
{
  "model": "coaches.scheduleblock",
  "pk": 149,
  "fields": {
    "coach": 2,
    "date": "2025-12-13",
    "start_time": "15:00:00",
    "end_time": "16:00:00",
    "session_type": "private",
    "duration_minutes": 60,
    "max_participants": 1,
    "current_participants": 0,
    "price_override": null,
    "status": "available",
    "notes": "",
    "created_at": "2025-12-09T19:46:00.197Z"
  }
},
{
  "model": "coaches.scheduleblock",
  "pk": 150,
  "fields": {
    "coach": 2,
    "date": "2025-12-14",
    "start_time": "09:00:00",
    "end_time": "10:00:00",
    "session_type": "private",
    "duration_minutes": 60,
    "max_participants": 1,
    "current_participants": 0,
    "price_override": null,
    "status": "booked",
    "notes": "",
    "created_at": "2025-12-09T19:46:00.199Z"
  }
},
{
  "model": "coaches.scheduleblock",
  "pk": 151,
  "fields": {
    "coach": 2,
    "date": "2025-12-14",
    "start_time": "10:00:00",
    "end_time": "11:00:00",
    "session_type": "group",
    "duration_minutes": 60,
    "max_participants": 6,
    "current_participants": 0,
    "price_override": null,
    "status": "booked",
    "notes": "",
    "created_at": "2025-12-09T19:46:00.201Z"
  }
},
{
  "model": "coaches.scheduleblock",
  "pk": 152,
  "fields": {
    "coach": 2,
    "date": "2025-12-14",
    "start_time": "11:00:00",
    "end_time": "12:00:00",
    "session_type": "private",
    "duration_minutes": 60,
    "max_participants": 1,
    "current_participants": 0,
    "price_override": null,
    "status": "available",
    "notes": "",
    "created_at": "2025-12-09T19:46:00.203Z"
  }
},
{
  "model": "coaches.scheduleblock",
  "pk": 153,
  "fields": {
    "coach": 2,
    "date": "2025-12-14",
    "start_time": "14:00:00",
    "end_time": "15:00:00",
    "session_type": "group",
    "duration_minutes": 60,
    "max_participants": 6,
    "current_participants": 0,
    "price_override": null,
    "status": "available",
    "notes": "",
    "created_at": "2025-12-09T19:46:00.206Z"
  }
},
{
  "model": "coaches.scheduleblock",
  "pk": 154,
  "fields": {
    "coach": 2,
    "date": "2025-12-14",
    "start_time": "15:00:00",
    "end_time": "16:00:00",
    "session_type": "private",
    "duration_minutes": 60,
    "max_participants": 1,
    "current_participants": 0,
    "price_override": null,
    "status": "available",
    "notes": "",
    "created_at": "2025-12-09T19:46:00.211Z"
  }
},
{
  "model": "coaches.scheduleblock",
  "pk": 155,
  "fields": {
    "coach": 2,
    "date": "2025-12-14",
    "start_time": "16:00:00",
    "end_time": "17:00:00",
    "session_type": "group",
    "duration_minutes": 60,
    "max_participants": 6,
    "current_participants": 0,
    "price_override": null,
    "status": "available",
    "notes": "",
    "created_at": "2025-12-09T19:46:00.213Z"
  }
},
{
  "model": "coaches.scheduleblock",
  "pk": 156,
  "fields": {
    "coach": 2,
    "date": "2025-12-15",
    "start_time": "09:00:00",
    "end_time": "10:00:00",
    "session_type": "private",
    "duration_minutes": 60,
    "max_participants": 1,
    "current_participants": 0,
    "price_override": null,
    "status": "booked",
    "notes": "",
    "created_at": "2025-12-09T19:46:00.215Z"
  }
},
{
  "model": "coaches.scheduleblock",
  "pk": 157,
  "fields": {
    "coach": 2,
    "date": "2025-12-15",
    "start_time": "10:00:00",
    "end_time": "11:00:00",
    "session_type": "group",
    "duration_minutes": 60,
    "max_participants": 6,
    "current_participants": 0,
    "price_override": null,
    "status": "booked",
    "notes": "",
    "created_at": "2025-12-09T19:46:00.217Z"
  }
},
{
  "model": "coaches.scheduleblock",
  "pk": 158,
  "fields": {
    "coach": 2,
    "date": "2025-12-15",
    "start_time": "11:00:00",
    "end_time": "12:00:00",
    "session_type": "private",
    "duration_minutes": 60,
    "max_participants": 1,
    "current_participants": 0,
    "price_override": null,
    "status": "available",
    "notes": "",
    "created_at": "2025-12-09T19:46:00.219Z"
  }
},
{
  "model": "coaches.scheduleblock",
  "pk": 159,
  "fields": {
    "coach": 2,
    "date": "2025-12-15",
    "start_time": "14:00:00",
    "end_time": "15:00:00",
    "session_type": "group",
    "duration_minutes": 60,
    "max_participants": 6,
    "current_participants": 0,
    "price_override": null,
    "status": "available",
    "notes": "",
    "created_at": "2025-12-09T19:46:00.221Z"
  }
},
{
  "model": "coaches.scheduleblock",
  "pk": 160,
  "fields": {
    "coach": 2,
    "date": "2025-12-16",
    "start_time": "09:00:00",
    "end_time": "10:00:00",
    "session_type": "private",
    "duration_minutes": 60,
    "max_participants": 1,
    "current_participants": 0,
    "price_override": null,
    "status": "booked",
    "notes": "",
    "created_at": "2025-12-09T19:46:00.224Z"
  }
},
{
  "model": "coaches.scheduleblock",
  "pk": 161,
  "fields": {
    "coach": 2,
    "date": "2025-12-16",
    "start_time": "10:00:00",
    "end_time": "11:00:00",
    "session_type": "group",
    "duration_minutes": 60,
    "max_participants": 6,
    "current_participants": 0,
    "price_override": null,
    "status": "booked",
    "notes": "",
    "created_at": "2025-12-09T19:46:00.226Z"
  }
},
{
  "model": "coaches.scheduleblock",
  "pk": 162,
  "fields": {
    "coach": 2,
    "date": "2025-12-16",
    "start_time": "11:00:00",
    "end_time": "12:00:00",
    "session_type": "private",
    "duration_minutes": 60,
    "max_participants": 1,
    "current_participants": 0,
    "price_override": null,
    "status": "available",
    "notes": "",
    "created_at": "2025-12-09T19:46:00.229Z"
  }
},
{
  "model": "coaches.scheduleblock",
  "pk": 163,
  "fields": {
    "coach": 2,
    "date": "2025-12-16",
    "start_time": "14:00:00",
    "end_time": "15:00:00",
    "session_type": "group",
    "duration_minutes": 60,
    "max_participants": 6,
    "current_participants": 0,
    "price_override": null,
    "status": "available",
    "notes": "",
    "created_at": "2025-12-09T19:46:00.231Z"
  }
},
{
  "model": "coaches.scheduleblock",
  "pk": 164,
  "fields": {
    "coach": 2,
    "date": "2025-12-16",
    "start_time": "15:00:00",
    "end_time": "16:00:00",
    "session_type": "private",
    "duration_minutes": 60,
    "max_participants": 1,
    "current_participants": 0,
    "price_override": null,
    "status": "available",
    "notes": "",
    "created_at": "2025-12-09T19:46:00.234Z"
  }
},
{
  "model": "coaches.scheduleblock",
  "pk": 165,
  "fields": {
    "coach": 3,
    "date": "2025-12-09",
    "start_time": "09:00:00",
    "end_time": "10:00:00",
    "session_type": "private",
    "duration_minutes": 60,
    "max_participants": 1,
    "current_participants": 0,
    "price_override": null,
    "status": "booked",
    "notes": "",
    "created_at": "2025-12-09T19:46:00.237Z"
  }
},
{
  "model": "coaches.scheduleblock",
  "pk": 166,
  "fields": {
    "coach": 3,
    "date": "2025-12-09",
    "start_time": "10:00:00",
    "end_time": "11:00:00",
    "session_type": "group",
    "duration_minutes": 60,
    "max_participants": 6,
    "current_participants": 0,
    "price_override": null,
    "status": "booked",
    "notes": "",
    "created_at": "2025-12-09T19:46:00.239Z"
  }
},
{
  "model": "coaches.scheduleblock",
  "pk": 167,
  "fields": {
    "coach": 3,
    "date": "2025-12-09",
    "start_time": "11:00:00",
    "end_time": "12:00:00",
    "session_type": "private",
    "duration_minutes": 60,
    "max_participants": 1,
    "current_participants": 0,
    "price_override": null,
    "status": "available",
    "notes": "",
    "created_at": "2025-12-09T19:46:00.241Z"
  }
},
{
  "model": "coaches.scheduleblock",
  "pk": 168,
  "fields": {
    "coach": 3,
    "date": "2025-12-09",
    "start_time": "14:00:00",
    "end_time": "15:00:00",
    "session_type": "group",
    "duration_minutes": 60,
    "max_participants": 6,
    "current_participants": 0,
    "price_override": null,
    "status": "available",
    "notes": "",
    "created_at": "2025-12-09T19:46:00.243Z"
  }
},
{
  "model": "coaches.scheduleblock",
  "pk": 169,
  "fields": {
    "coach": 3,
    "date": "2025-12-10",
    "start_time": "09:00:00",
    "end_time": "10:00:00",
    "session_type": "private",
    "duration_minutes": 60,
    "max_participants": 1,
    "current_participants": 0,
    "price_override": null,
    "status": "booked",
    "notes": "",
    "created_at": "2025-12-09T19:46:00.245Z"
  }
},
{
  "model": "coaches.scheduleblock",
  "pk": 170,
  "fields": {
    "coach": 3,
    "date": "2025-12-10",
    "start_time": "10:00:00",
    "end_time": "11:00:00",
    "session_type": "group",
    "duration_minutes": 60,
    "max_participants": 6,
    "current_participants": 0,
    "price_override": null,
    "status": "booked",
    "notes": "",
    "created_at": "2025-12-09T19:46:00.247Z"
  }
},
{
  "model": "coaches.scheduleblock",
  "pk": 171,
  "fields": {
    "coach": 3,
    "date": "2025-12-10",
    "start_time": "11:00:00",
    "end_time": "12:00:00",
    "session_type": "private",
    "duration_minutes": 60,
    "max_participants": 1,
    "current_participants": 0,
    "price_override": null,
    "status": "available",
    "notes": "",
    "created_at": "2025-12-09T19:46:00.249Z"
  }
},
{
  "model": "coaches.scheduleblock",
  "pk": 172,
  "fields": {
    "coach": 3,
    "date": "2025-12-10",
    "start_time": "14:00:00",
    "end_time": "15:00:00",
    "session_type": "group",
    "duration_minutes": 60,
    "max_participants": 6,
    "current_participants": 0,
    "price_override": null,
    "status": "available",
    "notes": "",
    "created_at": "2025-12-09T19:46:00.251Z"
  }
},
{
  "model": "coaches.scheduleblock",
  "pk": 173,
  "fields": {
    "coach": 3,
    "date": "2025-12-10",
    "start_time": "15:00:00",
    "end_time": "16:00:00",
    "session_type": "private",
    "duration_minutes": 60,
    "max_participants": 1,
    "current_participants": 0,
    "price_override": null,
    "status": "available",
    "notes": "",
    "created_at": "2025-12-09T19:46:00.254Z"
  }
},
{
  "model": "coaches.scheduleblock",
  "pk": 174,
  "fields": {
    "coach": 3,
    "date": "2025-12-11",
    "start_time": "09:00:00",
    "end_time": "10:00:00",
    "session_type": "private",
    "duration_minutes": 60,
    "max_participants": 1,
    "current_participants": 0,
    "price_override": null,
    "status": "booked",
    "notes": "",
    "created_at": "2025-12-09T19:46:00.256Z"
  }
},
{
  "model": "coaches.scheduleblock",
  "pk": 175,
  "fields": {
    "coach": 3,
    "date": "2025-12-11",
    "start_time": "10:00:00",
    "end_time": "11:00:00",
    "session_type": "group",
    "duration_minutes": 60,
    "max_participants": 6,
    "current_participants": 0,
    "price_override": null,
    "status": "booked",
    "notes": "",
    "created_at": "2025-12-09T19:46:00.258Z"
  }
},
{
  "model": "coaches.scheduleblock",
  "pk": 176,
  "fields": {
    "coach": 3,
    "date": "2025-12-11",
    "start_time": "11:00:00",
    "end_time": "12:00:00",
    "session_type": "private",
    "duration_minutes": 60,
    "max_participants": 1,
    "current_participants": 0,
    "price_override": null,
    "status": "available",
    "notes": "",
    "created_at": "2025-12-09T19:46:00.260Z"
  }
},
{
  "model": "coaches.scheduleblock",
  "pk": 177,
  "fields": {
    "coach": 3,
    "date": "2025-12-11",
    "start_time": "14:00:00",
    "end_time": "15:00:00",
    "session_type": "group",
    "duration_minutes": 60,
    "max_participants": 6,
    "current_participants": 0,
    "price_override": null,
    "status": "available",
    "notes": "",
    "created_at": "2025-12-09T19:46:00.262Z"
  }
},
{
  "model": "coaches.scheduleblock",
  "pk": 178,
  "fields": {
    "coach": 3,
    "date": "2025-12-11",
    "start_time": "15:00:00",
    "end_time": "16:00:00",
    "session_type": "private",
    "duration_minutes": 60,
    "max_participants": 1,
    "current_participants": 0,
    "price_override": null,
    "status": "available",
    "notes": "",
    "created_at": "2025-12-09T19:46:00.264Z"
  }
},
{
  "model": "coaches.scheduleblock",
  "pk": 179,
  "fields": {
    "coach": 3,
    "date": "2025-12-11",
    "start_time": "16:00:00",
    "end_time": "17:00:00",
    "session_type": "group",
    "duration_minutes": 60,
    "max_participants": 6,
    "current_participants": 0,
    "price_override": null,
    "status": "available",
    "notes": "",
    "created_at": "2025-12-09T19:46:00.265Z"
  }
},
{
  "model": "coaches.scheduleblock",
  "pk": 180,
  "fields": {
    "coach": 3,
    "date": "2025-12-12",
    "start_time": "09:00:00",
    "end_time": "10:00:00",
    "session_type": "private",
    "duration_minutes": 60,
    "max_participants": 1,
    "current_participants": 0,
    "price_override": null,
    "status": "booked",
    "notes": "",
    "created_at": "2025-12-09T19:46:00.268Z"
  }
},
{
  "model": "coaches.scheduleblock",
  "pk": 181,
  "fields": {
    "coach": 3,
    "date": "2025-12-12",
    "start_time": "10:00:00",
    "end_time": "11:00:00",
    "session_type": "group",
    "duration_minutes": 60,
    "max_participants": 6,
    "current_participants": 0,
    "price_override": null,
    "status": "booked",
    "notes": "",
    "created_at": "2025-12-09T19:46:00.270Z"
  }
},
{
  "model": "coaches.scheduleblock",
  "pk": 182,
  "fields": {
    "coach": 3,
    "date": "2025-12-12",
    "start_time": "11:00:00",
    "end_time": "12:00:00",
    "session_type": "private",
    "duration_minutes": 60,
    "max_participants": 1,
    "current_participants": 0,
    "price_override": null,
    "status": "available",
    "notes": "",
    "created_at": "2025-12-09T19:46:00.272Z"
  }
},
{
  "model": "coaches.scheduleblock",
  "pk": 183,
  "fields": {
    "coach": 3,
    "date": "2025-12-12",
    "start_time": "14:00:00",
    "end_time": "15:00:00",
    "session_type": "group",
    "duration_minutes": 60,
    "max_participants": 6,
    "current_participants": 0,
    "price_override": null,
    "status": "available",
    "notes": "",
    "created_at": "2025-12-09T19:46:00.274Z"
  }
},
{
  "model": "coaches.scheduleblock",
  "pk": 184,
  "fields": {
    "coach": 3,
    "date": "2025-12-13",
    "start_time": "09:00:00",
    "end_time": "10:00:00",
    "session_type": "private",
    "duration_minutes": 60,
    "max_participants": 1,
    "current_participants": 0,
    "price_override": null,
    "status": "booked",
    "notes": "",
    "created_at": "2025-12-09T19:46:00.276Z"
  }
},
{
  "model": "coaches.scheduleblock",
  "pk": 185,
  "fields": {
    "coach": 3,
    "date": "2025-12-13",
    "start_time": "10:00:00",
    "end_time": "11:00:00",
    "session_type": "group",
    "duration_minutes": 60,
    "max_participants": 6,
    "current_participants": 0,
    "price_override": null,
    "status": "booked",
    "notes": "",
    "created_at": "2025-12-09T19:46:00.278Z"
  }
},
{
  "model": "coaches.scheduleblock",
  "pk": 186,
  "fields": {
    "coach": 3,
    "date": "2025-12-13",
    "start_time": "11:00:00",
    "end_time": "12:00:00",
    "session_type": "private",
    "duration_minutes": 60,
    "max_participants": 1,
    "current_participants": 0,
    "price_override": null,
    "status": "available",
    "notes": "",
    "created_at": "2025-12-09T19:46:00.280Z"
  }
},
{
  "model": "coaches.scheduleblock",
  "pk": 187,
  "fields": {
    "coach": 3,
    "date": "2025-12-13",
    "start_time": "14:00:00",
    "end_time": "15:00:00",
    "session_type": "group",
    "duration_minutes": 60,
    "max_participants": 6,
    "current_participants": 0,
    "price_override": null,
    "status": "available",
    "notes": "",
    "created_at": "2025-12-09T19:46:00.282Z"
  }
},
{
  "model": "coaches.scheduleblock",
  "pk": 188,
  "fields": {
    "coach": 3,
    "date": "2025-12-13",
    "start_time": "15:00:00",
    "end_time": "16:00:00",
    "session_type": "private",
    "duration_minutes": 60,
    "max_participants": 1,
    "current_participants": 0,
    "price_override": null,
    "status": "available",
    "notes": "",
    "created_at": "2025-12-09T19:46:00.285Z"
  }
},
{
  "model": "coaches.scheduleblock",
  "pk": 189,
  "fields": {
    "coach": 3,
    "date": "2025-12-14",
    "start_time": "09:00:00",
    "end_time": "10:00:00",
    "session_type": "private",
    "duration_minutes": 60,
    "max_participants": 1,
    "current_participants": 0,
    "price_override": null,
    "status": "booked",
    "notes": "",
    "created_at": "2025-12-09T19:46:00.287Z"
  }
},
{
  "model": "coaches.scheduleblock",
  "pk": 190,
  "fields": {
    "coach": 3,
    "date": "2025-12-14",
    "start_time": "10:00:00",
    "end_time": "11:00:00",
    "session_type": "group",
    "duration_minutes": 60,
    "max_participants": 6,
    "current_participants": 0,
    "price_override": null,
    "status": "booked",
    "notes": "",
    "created_at": "2025-12-09T19:46:00.289Z"
  }
},
{
  "model": "coaches.scheduleblock",
  "pk": 191,
  "fields": {
    "coach": 3,
    "date": "2025-12-14",
    "start_time": "11:00:00",
    "end_time": "12:00:00",
    "session_type": "private",
    "duration_minutes": 60,
    "max_participants": 1,
    "current_participants": 0,
    "price_override": null,
    "status": "available",
    "notes": "",
    "created_at": "2025-12-09T19:46:00.291Z"
  }
},
{
  "model": "coaches.scheduleblock",
  "pk": 192,
  "fields": {
    "coach": 3,
    "date": "2025-12-14",
    "start_time": "14:00:00",
    "end_time": "15:00:00",
    "session_type": "group",
    "duration_minutes": 60,
    "max_participants": 6,
    "current_participants": 0,
    "price_override": null,
    "status": "available",
    "notes": "",
    "created_at": "2025-12-09T19:46:00.294Z"
  }
},
{
  "model": "coaches.scheduleblock",
  "pk": 193,
  "fields": {
    "coach": 3,
    "date": "2025-12-14",
    "start_time": "15:00:00",
    "end_time": "16:00:00",
    "session_type": "private",
    "duration_minutes": 60,
    "max_participants": 1,
    "current_participants": 0,
    "price_override": null,
    "status": "available",
    "notes": "",
    "created_at": "2025-12-09T19:46:00.296Z"
  }
},
{
  "model": "coaches.scheduleblock",
  "pk": 194,
  "fields": {
    "coach": 3,
    "date": "2025-12-14",
    "start_time": "16:00:00",
    "end_time": "17:00:00",
    "session_type": "group",
    "duration_minutes": 60,
    "max_participants": 6,
    "current_participants": 0,
    "price_override": null,
    "status": "available",
    "notes": "",
    "created_at": "2025-12-09T19:46:00.298Z"
  }
},
{
  "model": "coaches.scheduleblock",
  "pk": 195,
  "fields": {
    "coach": 3,
    "date": "2025-12-15",
    "start_time": "09:00:00",
    "end_time": "10:00:00",
    "session_type": "private",
    "duration_minutes": 60,
    "max_participants": 1,
    "current_participants": 0,
    "price_override": null,
    "status": "booked",
    "notes": "",
    "created_at": "2025-12-09T19:46:00.301Z"
  }
},
{
  "model": "coaches.scheduleblock",
  "pk": 196,
  "fields": {
    "coach": 3,
    "date": "2025-12-15",
    "start_time": "10:00:00",
    "end_time": "11:00:00",
    "session_type": "group",
    "duration_minutes": 60,
    "max_participants": 6,
    "current_participants": 0,
    "price_override": null,
    "status": "booked",
    "notes": "",
    "created_at": "2025-12-09T19:46:00.303Z"
  }
},
{
  "model": "coaches.scheduleblock",
  "pk": 197,
  "fields": {
    "coach": 3,
    "date": "2025-12-15",
    "start_time": "11:00:00",
    "end_time": "12:00:00",
    "session_type": "private",
    "duration_minutes": 60,
    "max_participants": 1,
    "current_participants": 0,
    "price_override": null,
    "status": "available",
    "notes": "",
    "created_at": "2025-12-09T19:46:00.305Z"
  }
},
{
  "model": "coaches.scheduleblock",
  "pk": 198,
  "fields": {
    "coach": 3,
    "date": "2025-12-15",
    "start_time": "14:00:00",
    "end_time": "15:00:00",
    "session_type": "group",
    "duration_minutes": 60,
    "max_participants": 6,
    "current_participants": 0,
    "price_override": null,
    "status": "available",
    "notes": "",
    "created_at": "2025-12-09T19:46:00.307Z"
  }
},
{
  "model": "coaches.scheduleblock",
  "pk": 199,
  "fields": {
    "coach": 3,
    "date": "2025-12-16",
    "start_time": "09:00:00",
    "end_time": "10:00:00",
    "session_type": "private",
    "duration_minutes": 60,
    "max_participants": 1,
    "current_participants": 0,
    "price_override": null,
    "status": "booked",
    "notes": "",
    "created_at": "2025-12-09T19:46:00.309Z"
  }
},
{
  "model": "coaches.scheduleblock",
  "pk": 200,
  "fields": {
    "coach": 3,
    "date": "2025-12-16",
    "start_time": "10:00:00",
    "end_time": "11:00:00",
    "session_type": "group",
    "duration_minutes": 60,
    "max_participants": 6,
    "current_participants": 0,
    "price_override": null,
    "status": "booked",
    "notes": "",
    "created_at": "2025-12-09T19:46:00.311Z"
  }
},
{
  "model": "coaches.scheduleblock",
  "pk": 201,
  "fields": {
    "coach": 3,
    "date": "2025-12-16",
    "start_time": "11:00:00",
    "end_time": "12:00:00",
    "session_type": "private",
    "duration_minutes": 60,
    "max_participants": 1,
    "current_participants": 0,
    "price_override": null,
    "status": "available",
    "notes": "",
    "created_at": "2025-12-09T19:46:00.313Z"
  }
},
{
  "model": "coaches.scheduleblock",
  "pk": 202,
  "fields": {
    "coach": 3,
    "date": "2025-12-16",
    "start_time": "14:00:00",
    "end_time": "15:00:00",
    "session_type": "group",
    "duration_minutes": 60,
    "max_participants": 6,
    "current_participants": 0,
    "price_override": null,
    "status": "available",
    "notes": "",
    "created_at": "2025-12-09T19:46:00.315Z"
  }
},
{
  "model": "coaches.scheduleblock",
  "pk": 203,
  "fields": {
    "coach": 3,
    "date": "2025-12-16",
    "start_time": "15:00:00",
    "end_time": "16:00:00",
    "session_type": "private",
    "duration_minutes": 60,
    "max_participants": 1,
    "current_participants": 0,
    "price_override": null,
    "status": "available",
    "notes": "",
    "created_at": "2025-12-09T19:46:00.317Z"
  }
},
{
  "model": "coaches.playerassessment",
  "pk": 3,
  "fields": {
    "booking": 62,
    "coach": 5,
    "player": 2,
    "training_type": "tactical",
    "effort_engagement": 5,
    "technical_proficiency": 4,
    "tactical_awareness": 5,
    "physical_performance": 4,
    "goals_achievement": 4,
    "focus_areas": "Dribbling, 1v1 situations, Close control",
    "highlights": "Strong defensive awareness developing. Good communication with teammates.",
    "coach_notes": "Technical foundation solid. Time to introduce advanced concepts.",
    "parent_visible_notes": "Really pleased with Emma's attitude today. Working hard on areas we discussed last time.",
    "assessment_date": "2025-12-11T03:51:07.372Z",
    "notification_sent": true
  }
},
{
  "model": "coaches.playerassessment",
  "pk": 4,
  "fields": {
    "booking": 76,
    "coach": 2,
    "player": 2,
    "training_type": "fitness",
    "effort_engagement": 5,
    "technical_proficiency": 4,
    "tactical_awareness": 2,
    "physical_performance": 3,
    "goals_achievement": 3,
    "focus_areas": "Ball control, First touch, Passing accuracy",
    "highlights": "Showing real progress in tactical understanding of the game.",
    "coach_notes": "Physical development on track. Maintain current training intensity.",
    "parent_visible_notes": "Great session today! Emma showed excellent focus and enthusiasm. Keep encouraging practice at home.",
    "assessment_date": "2025-12-11T03:51:07.375Z",
    "notification_sent": true
  }
},
{
  "model": "coaches.playerassessment",
  "pk": 5,
  "fields": {
    "booking": 60,
    "coach": 2,
    "player": 2,
    "training_type": "fitness",
    "effort_engagement": 3,
    "technical_proficiency": 2,
    "tactical_awareness": 3,
    "physical_performance": 4,
    "goals_achievement": 4,
    "focus_areas": "Dribbling, 1v1 situations, Close control",
    "highlights": "Strong defensive awareness developing. Good communication with teammates.",
    "coach_notes": "Mental aspect improving. Building confidence with each session.",
    "parent_visible_notes": "Good progress this week. Emma is becoming more confident with the ball.",
    "assessment_date": "2025-12-11T03:51:07.376Z",
    "notification_sent": false
  }
},
{
  "model": "coaches.playerassessment",
  "pk": 6,
  "fields": {
    "booking": 75,
    "coach": 5,
    "player": 2,
    "training_type": "skills",
    "effort_engagement": 5,
    "technical_proficiency": 5,
    "tactical_awareness": 2,
    "physical_performance": 5,
    "goals_achievement": 5,
    "focus_areas": "Dribbling, 1v1 situations, Close control",
    "highlights": "Natural goal-scoring instinct. Clinical finishing in practice.",
    "coach_notes": "Physical development on track. Maintain current training intensity.",
    "parent_visible_notes": "Emma is making wonderful progress. The dedication to training is really showing results.",
    "assessment_date": "2025-12-11T03:51:07.378Z",
    "notification_sent": false
  }
},
{
  "model": "coaches.playerassessment",
  "pk": 7,
  "fields": {
    "booking": 48,
    "coach": 5,
    "player": 6,
    "training_type": "tactical",
    "effort_engagement": 4,
    "technical_proficiency": 4,
    "tactical_awareness": 3,
    "physical_performance": 5,
    "goals_achievement": 5,
    "focus_areas": "Sprint speed, Endurance, Agility drills",
    "highlights": "Excellent improvement in ball control. Shows great dedication during training.",
    "coach_notes": "Needs more match experience. Recommend joining scrimmage sessions.",
    "parent_visible_notes": "Ethan had a fantastic session. Technical skills are developing nicely.",
    "assessment_date": "2025-12-11T03:51:07.382Z",
    "notification_sent": true
  }
},
{
  "model": "coaches.playerassessment",
  "pk": 8,
  "fields": {
    "booking": 63,
    "coach": 3,
    "player": 6,
    "training_type": "general",
    "effort_engagement": 3,
    "technical_proficiency": 2,
    "tactical_awareness": 2,
    "physical_performance": 4,
    "goals_achievement": 5,
    "focus_areas": "Game reading, Decision making, Communication",
    "highlights": "Outstanding fitness levels. Consistently gives 100% effort.",
    "coach_notes": "Ready to move up in difficulty level. Showing maturity beyond age.",
    "parent_visible_notes": "Really pleased with Ethan's attitude today. Working hard on areas we discussed last time.",
    "assessment_date": "2025-12-11T03:51:07.400Z",
    "notification_sent": true
  }
},
{
  "model": "coaches.playerassessment",
  "pk": 9,
  "fields": {
    "booking": 32,
    "coach": 2,
    "player": 6,
    "training_type": "technical",
    "effort_engagement": 5,
    "technical_proficiency": 3,
    "tactical_awareness": 5,
    "physical_performance": 5,
    "goals_achievement": 4,
    "focus_areas": "Dribbling, 1v1 situations, Close control",
    "highlights": "Technical skills improving rapidly. Very coachable attitude.",
    "coach_notes": "Physical development on track. Maintain current training intensity.",
    "parent_visible_notes": "Good progress this week. Ethan is becoming more confident with the ball.",
    "assessment_date": "2025-12-11T03:51:07.402Z",
    "notification_sent": false
  }
},
{
  "model": "coaches.playerassessment",
  "pk": 10,
  "fields": {
    "booking": 62,
    "coach": 1,
    "player": 3,
    "training_type": "match_prep",
    "effort_engagement": 5,
    "technical_proficiency": 5,
    "tactical_awareness": 2,
    "physical_performance": 3,
    "goals_achievement": 5,
    "focus_areas": "Shooting accuracy, Weak foot development, Set pieces",
    "highlights": "Showing real progress in tactical understanding of the game.",
    "coach_notes": "Physical development on track. Maintain current training intensity.",
    "parent_visible_notes": "Good progress this week. Lucas is becoming more confident with the ball.",
    "assessment_date": "2025-12-11T03:51:07.406Z",
    "notification_sent": true
  }
},
{
  "model": "coaches.playerassessment",
  "pk": 11,
  "fields": {
    "booking": 76,
    "coach": 4,
    "player": 3,
    "training_type": "tactical",
    "effort_engagement": 4,
    "technical_proficiency": 5,
    "tactical_awareness": 4,
    "physical_performance": 4,
    "goals_achievement": 3,
    "focus_areas": "Game reading, Decision making, Communication",
    "highlights": "Strong defensive awareness developing. Good communication with teammates.",
    "coach_notes": "Continue focusing on weak foot. Consider additional 1v1 sessions.",
    "parent_visible_notes": "Lucas showed great teamwork today. Communication skills improving well.",
    "assessment_date": "2025-12-11T03:51:07.408Z",
    "notification_sent": true
  }
},
{
  "model": "coaches.playerassessment",
  "pk": 12,
  "fields": {
    "booking": 60,
    "coach": 4,
    "player": 3,
    "training_type": "general",
    "effort_engagement": 3,
    "technical_proficiency": 4,
    "tactical_awareness": 5,
    "physical_performance": 3,
    "goals_achievement": 3,
    "focus_areas": "Shooting accuracy, Weak foot development, Set pieces",
    "highlights": "Showing real progress in tactical understanding of the game.",
    "coach_notes": "Physical development on track. Maintain current training intensity.",
    "parent_visible_notes": "Good progress this week. Lucas is becoming more confident with the ball.",
    "assessment_date": "2025-12-11T03:51:07.410Z",
    "notification_sent": true
  }
},
{
  "model": "coaches.playerassessment",
  "pk": 13,
  "fields": {
    "booking": 75,
    "coach": 1,
    "player": 3,
    "training_type": "tactical",
    "effort_engagement": 5,
    "technical_proficiency": 5,
    "tactical_awareness": 3,
    "physical_performance": 4,
    "goals_achievement": 4,
    "focus_areas": "Game reading, Decision making, Communication",
    "highlights": "Impressive work rate and determination throughout the session.",
    "coach_notes": "Continue focusing on weak foot. Consider additional 1v1 sessions.",
    "parent_visible_notes": "Really pleased with Lucas's attitude today. Working hard on areas we discussed last time.",
    "assessment_date": "2025-12-11T03:51:07.411Z",
    "notification_sent": true
  }
},
{
  "model": "coaches.playerassessment",
  "pk": 14,
  "fields": {
    "booking": 78,
    "coach": 2,
    "player": 8,
    "training_type": "technical",
    "effort_engagement": 4,
    "technical_proficiency": 3,
    "tactical_awareness": 4,
    "physical_performance": 4,
    "goals_achievement": 3,
    "focus_areas": "Sprint speed, Endurance, Agility drills",
    "highlights": "Outstanding fitness levels. Consistently gives 100% effort.",
    "coach_notes": "Ready to move up in difficulty level. Showing maturity beyond age.",
    "parent_visible_notes": "Great session today! Noah showed excellent focus and enthusiasm. Keep encouraging practice at home.",
    "assessment_date": "2025-12-11T03:51:07.415Z",
    "notification_sent": true
  }
},
{
  "model": "coaches.playerassessment",
  "pk": 15,
  "fields": {
    "booking": 46,
    "coach": 4,
    "player": 8,
    "training_type": "match_prep",
    "effort_engagement": 3,
    "technical_proficiency": 3,
    "tactical_awareness": 5,
    "physical_performance": 3,
    "goals_achievement": 3,
    "focus_areas": "Shooting accuracy, Weak foot development, Set pieces",
    "highlights": "Outstanding fitness levels. Consistently gives 100% effort.",
    "coach_notes": "Physical development on track. Maintain current training intensity.",
    "parent_visible_notes": "Great session today! Noah showed excellent focus and enthusiasm. Keep encouraging practice at home.",
    "assessment_date": "2025-12-11T03:51:07.417Z",
    "notification_sent": true
  }
},
{
  "model": "coaches.playerassessment",
  "pk": 16,
  "fields": {
    "booking": 91,
    "coach": 3,
    "player": 8,
    "training_type": "general",
    "effort_engagement": 4,
    "technical_proficiency": 2,
    "tactical_awareness": 5,
    "physical_performance": 3,
    "goals_achievement": 5,
    "focus_areas": "Dribbling, 1v1 situations, Close control",
    "highlights": "Impressive work rate and determination throughout the session.",
    "coach_notes": "Continue focusing on weak foot. Consider additional 1v1 sessions.",
    "parent_visible_notes": "Really pleased with Noah's attitude today. Working hard on areas we discussed last time.",
    "assessment_date": "2025-12-11T03:51:07.418Z",
    "notification_sent": false
  }
},
{
  "model": "coaches.playerassessment",
  "pk": 17,
  "fields": {
    "booking": 93,
    "coach": 3,
    "player": 7,
    "training_type": "fitness",
    "effort_engagement": 5,
    "technical_proficiency": 3,
    "tactical_awareness": 3,
    "physical_performance": 5,
    "goals_achievement": 4,
    "focus_areas": "Shooting accuracy, Weak foot development, Set pieces",
    "highlights": "Outstanding fitness levels. Consistently gives 100% effort.",
    "coach_notes": "Needs more match experience. Recommend joining scrimmage sessions.",
    "parent_visible_notes": "Really pleased with Olivia's attitude today. Working hard on areas we discussed last time.",
    "assessment_date": "2025-12-11T03:51:07.422Z",
    "notification_sent": true
  }
},
{
  "model": "coaches.playerassessment",
  "pk": 18,
  "fields": {
    "booking": 47,
    "coach": 1,
    "player": 7,
    "training_type": "general",
    "effort_engagement": 4,
    "technical_proficiency": 5,
    "tactical_awareness": 3,
    "physical_performance": 5,
    "goals_achievement": 3,
    "focus_areas": "Defensive positioning, Tackling technique, Recovery runs",
    "highlights": "Technical skills improving rapidly. Very coachable attitude.",
    "coach_notes": "Technical foundation solid. Time to introduce advanced concepts.",
    "parent_visible_notes": "Really pleased with Olivia's attitude today. Working hard on areas we discussed last time.",
    "assessment_date": "2025-12-11T03:51:07.424Z",
    "notification_sent": false
  }
},
{
  "model": "coaches.playerassessment",
  "pk": 19,
  "fields": {
    "booking": 77,
    "coach": 5,
    "player": 7,
    "training_type": "fitness",
    "effort_engagement": 3,
    "technical_proficiency": 5,
    "tactical_awareness": 2,
    "physical_performance": 5,
    "goals_achievement": 5,
    "focus_areas": "Defensive positioning, Tackling technique, Recovery runs",
    "highlights": "Excellent improvement in ball control. Shows great dedication during training.",
    "coach_notes": "Continue focusing on weak foot. Consider additional 1v1 sessions.",
    "parent_visible_notes": "Olivia had a fantastic session. Technical skills are developing nicely.",
    "assessment_date": "2025-12-11T03:51:07.425Z",
    "notification_sent": true
  }
},
{
  "model": "coaches.playerassessment",
  "pk": 20,
  "fields": {
    "booking": 62,
    "coach": 4,
    "player": 4,
    "training_type": "skills",
    "effort_engagement": 3,
    "technical_proficiency": 5,
    "tactical_awareness": 2,
    "physical_performance": 5,
    "goals_achievement": 4,
    "focus_areas": "Sprint speed, Endurance, Agility drills",
    "highlights": "Impressive work rate and determination throughout the session.",
    "coach_notes": "Ready to move up in difficulty level. Showing maturity beyond age.",
    "parent_visible_notes": "Sofia showed great teamwork today. Communication skills improving well.",
    "assessment_date": "2025-12-11T03:51:07.429Z",
    "notification_sent": true
  }
},
{
  "model": "coaches.playerassessment",
  "pk": 21,
  "fields": {
    "booking": 76,
    "coach": 3,
    "player": 4,
    "training_type": "match_prep",
    "effort_engagement": 3,
    "technical_proficiency": 3,
    "tactical_awareness": 5,
    "physical_performance": 3,
    "goals_achievement": 3,
    "focus_areas": "Shooting accuracy, Weak foot development, Set pieces",
    "highlights": "Great leadership qualities emerging. Helps younger players.",
    "coach_notes": "Ready to move up in difficulty level. Showing maturity beyond age.",
    "parent_visible_notes": "Sofia had a fantastic session. Technical skills are developing nicely.",
    "assessment_date": "2025-12-11T03:51:07.431Z",
    "notification_sent": true
  }
},
{
  "model": "coaches.playerassessment",
  "pk": 22,
  "fields": {
    "booking": 60,
    "coach": 4,
    "player": 4,
    "training_type": "fitness",
    "effort_engagement": 5,
    "technical_proficiency": 2,
    "tactical_awareness": 4,
    "physical_performance": 5,
    "goals_achievement": 5,
    "focus_areas": "Dribbling, 1v1 situations, Close control",
    "highlights": "Impressive work rate and determination throughout the session.",
    "coach_notes": "Technical foundation solid. Time to introduce advanced concepts.",
    "parent_visible_notes": "Sofia showed great teamwork today. Communication skills improving well.",
    "assessment_date": "2025-12-11T03:51:07.432Z",
    "notification_sent": false
  }
},
{
  "model": "coaches.playerassessment",
  "pk": 23,
  "fields": {
    "booking": 33,
    "coach": 1,
    "player": 5,
    "training_type": "technical",
    "effort_engagement": 3,
    "technical_proficiency": 3,
    "tactical_awareness": 3,
    "physical_performance": 3,
    "goals_achievement": 5,
    "focus_areas": "Shooting accuracy, Weak foot development, Set pieces",
    "highlights": "Technical skills improving rapidly. Very coachable attitude.",
    "coach_notes": "Needs more match experience. Recommend joining scrimmage sessions.",
    "parent_visible_notes": "Sophia showed great teamwork today. Communication skills improving well.",
    "assessment_date": "2025-12-11T03:51:07.453Z",
    "notification_sent": true
  }
},
{
  "model": "coaches.playerassessment",
  "pk": 24,
  "fields": {
    "booking": 92,
    "coach": 4,
    "player": 5,
    "training_type": "general",
    "effort_engagement": 5,
    "technical_proficiency": 3,
    "tactical_awareness": 4,
    "physical_performance": 4,
    "goals_achievement": 5,
    "focus_areas": "Shooting accuracy, Weak foot development, Set pieces",
    "highlights": "Impressive work rate and determination throughout the session.",
    "coach_notes": "Mental aspect improving. Building confidence with each session.",
    "parent_visible_notes": "Good progress this week. Sophia is becoming more confident with the ball.",
    "assessment_date": "2025-12-11T03:51:07.455Z",
    "notification_sent": false
  }
},
{
  "model": "coaches.playerassessment",
  "pk": 25,
  "fields": {
    "booking": 61,
    "coach": 1,
    "player": 1,
    "training_type": "technical",
    "effort_engagement": 5,
    "technical_proficiency": 2,
    "tactical_awareness": 3,
    "physical_performance": 4,
    "goals_achievement": 4,
    "focus_areas": "Game reading, Decision making, Communication",
    "highlights": "Natural goal-scoring instinct. Clinical finishing in practice.",
    "coach_notes": "Ready to move up in difficulty level. Showing maturity beyond age.",
    "parent_visible_notes": "asdf showed great teamwork today. Communication skills improving well.",
    "assessment_date": "2025-12-11T03:51:07.459Z",
    "notification_sent": true
  }
},
{
  "model": "bookings.sessiontype",
  "pk": 1,
  "fields": {
    "name": "1-on-1 Training",
    "description": "Personal one-on-one training session",
    "session_format": "in_person",
    "duration_minutes": 60,
    "price": "75.00",
    "max_participants": 1,
    "color": "#2ecc71",
    "is_active": true,
    "requires_package": false,
    "created_at": "2025-12-09T19:26:04.360Z"
  }
},
{
  "model": "bookings.sessiontype",
  "pk": 2,
  "fields": {
    "name": "Group Session",
    "description": "Small group training (max 4 people)",
    "session_format": "in_person",
    "duration_minutes": 90,
    "price": "45.00",
    "max_participants": 4,
    "color": "#2ecc71",
    "is_active": true,
    "requires_package": false,
    "created_at": "2025-12-09T19:26:04.364Z"
  }
},
{
  "model": "bookings.sessiontype",
  "pk": 3,
  "fields": {
    "name": "Assessment",
    "description": "Fitness assessment and goal setting",
    "session_format": "in_person",
    "duration_minutes": 45,
    "price": "50.00",
    "max_participants": 1,
    "color": "#2ecc71",
    "is_active": true,
    "requires_package": false,
    "created_at": "2025-12-09T19:26:04.366Z"
  }
},
{
  "model": "bookings.sessiontype",
  "pk": 4,
  "fields": {
    "name": "Online Coaching",
    "description": "Virtual coaching session via video call",
    "session_format": "virtual",
    "duration_minutes": 30,
    "price": "40.00",
    "max_participants": 1,
    "color": "#2ecc71",
    "is_active": true,
    "requires_package": false,
    "created_at": "2025-12-09T19:26:04.368Z"
  }
},
{
  "model": "bookings.sessiontype",
  "pk": 5,
  "fields": {
    "name": "MMA Training",
    "description": "Mixed martial arts training session",
    "session_format": "in_person",
    "duration_minutes": 60,
    "price": "100.00",
    "max_participants": 1,
    "color": "#2ecc71",
    "is_active": true,
    "requires_package": false,
    "created_at": "2025-12-09T19:26:04.370Z"
  }
},
{
  "model": "bookings.sessiontype",
  "pk": 6,
  "fields": {
    "name": "Yoga Session",
    "description": "Yoga and flexibility training",
    "session_format": "in_person",
    "duration_minutes": 60,
    "price": "60.00",
    "max_participants": 1,
    "color": "#2ecc71",
    "is_active": true,
    "requires_package": false,
    "created_at": "2025-12-09T19:26:04.372Z"
  }
},
{
  "model": "bookings.availabilityslot",
  "pk": 2,
  "fields": {
    "coach": 4,
    "session_type": 1,
    "date": "2025-12-10",
    "start_time": "09:00:00",
    "end_time": "10:00:00",
    "recurrence": "none",
    "recurrence_end_date": null,
    "parent_slot": null,
    "max_bookings": 1,
    "current_bookings": 0,
    "status": "available",
    "price_override": null,
    "notes": "",
    "created_at": "2025-12-09T19:41:22.400Z",
    "updated_at": "2025-12-09T19:41:22.401Z"
  }
},
{
  "model": "bookings.availabilityslot",
  "pk": 3,
  "fields": {
    "coach": 4,
    "session_type": 3,
    "date": "2025-12-10",
    "start_time": "10:30:00",
    "end_time": "11:30:00",
    "recurrence": "none",
    "recurrence_end_date": null,
    "parent_slot": null,
    "max_bookings": 1,
    "current_bookings": 0,
    "status": "available",
    "price_override": null,
    "notes": "",
    "created_at": "2025-12-09T19:41:22.403Z",
    "updated_at": "2025-12-09T19:41:22.403Z"
  }
},
{
  "model": "bookings.availabilityslot",
  "pk": 4,
  "fields": {
    "coach": 4,
    "session_type": 2,
    "date": "2025-12-10",
    "start_time": "14:00:00",
    "end_time": "15:00:00",
    "recurrence": "none",
    "recurrence_end_date": null,
    "parent_slot": null,
    "max_bookings": 4,
    "current_bookings": 0,
    "status": "available",
    "price_override": null,
    "notes": "",
    "created_at": "2025-12-09T19:41:22.404Z",
    "updated_at": "2025-12-09T19:41:22.404Z"
  }
},
{
  "model": "bookings.availabilityslot",
  "pk": 5,
  "fields": {
    "coach": 4,
    "session_type": 1,
    "date": "2025-12-10",
    "start_time": "15:30:00",
    "end_time": "16:30:00",
    "recurrence": "none",
    "recurrence_end_date": null,
    "parent_slot": null,
    "max_bookings": 1,
    "current_bookings": 0,
    "status": "available",
    "price_override": null,
    "notes": "",
    "created_at": "2025-12-09T19:41:22.406Z",
    "updated_at": "2025-12-09T19:41:22.406Z"
  }
},
{
  "model": "bookings.availabilityslot",
  "pk": 6,
  "fields": {
    "coach": 4,
    "session_type": 3,
    "date": "2025-12-10",
    "start_time": "17:00:00",
    "end_time": "18:00:00",
    "recurrence": "none",
    "recurrence_end_date": null,
    "parent_slot": null,
    "max_bookings": 1,
    "current_bookings": 0,
    "status": "available",
    "price_override": null,
    "notes": "",
    "created_at": "2025-12-09T19:41:22.407Z",
    "updated_at": "2025-12-09T19:41:22.407Z"
  }
},
{
  "model": "bookings.availabilityslot",
  "pk": 7,
  "fields": {
    "coach": 4,
    "session_type": 2,
    "date": "2025-12-10",
    "start_time": "18:30:00",
    "end_time": "19:30:00",
    "recurrence": "none",
    "recurrence_end_date": null,
    "parent_slot": null,
    "max_bookings": 4,
    "current_bookings": 0,
    "status": "available",
    "price_override": null,
    "notes": "",
    "created_at": "2025-12-09T19:41:22.409Z",
    "updated_at": "2025-12-09T19:41:22.409Z"
  }
},
{
  "model": "bookings.availabilityslot",
  "pk": 8,
  "fields": {
    "coach": 4,
    "session_type": 1,
    "date": "2025-12-11",
    "start_time": "09:00:00",
    "end_time": "10:00:00",
    "recurrence": "none",
    "recurrence_end_date": null,
    "parent_slot": null,
    "max_bookings": 1,
    "current_bookings": 0,
    "status": "available",
    "price_override": null,
    "notes": "",
    "created_at": "2025-12-09T19:41:22.410Z",
    "updated_at": "2025-12-09T19:41:22.410Z"
  }
},
{
  "model": "bookings.availabilityslot",
  "pk": 9,
  "fields": {
    "coach": 4,
    "session_type": 3,
    "date": "2025-12-11",
    "start_time": "10:30:00",
    "end_time": "11:30:00",
    "recurrence": "none",
    "recurrence_end_date": null,
    "parent_slot": null,
    "max_bookings": 1,
    "current_bookings": 0,
    "status": "available",
    "price_override": null,
    "notes": "",
    "created_at": "2025-12-09T19:41:22.412Z",
    "updated_at": "2025-12-09T19:41:22.412Z"
  }
},
{
  "model": "bookings.availabilityslot",
  "pk": 10,
  "fields": {
    "coach": 4,
    "session_type": 2,
    "date": "2025-12-11",
    "start_time": "14:00:00",
    "end_time": "15:00:00",
    "recurrence": "none",
    "recurrence_end_date": null,
    "parent_slot": null,
    "max_bookings": 4,
    "current_bookings": 0,
    "status": "available",
    "price_override": null,
    "notes": "",
    "created_at": "2025-12-09T19:41:22.413Z",
    "updated_at": "2025-12-09T19:41:22.413Z"
  }
},
{
  "model": "bookings.availabilityslot",
  "pk": 11,
  "fields": {
    "coach": 4,
    "session_type": 1,
    "date": "2025-12-11",
    "start_time": "15:30:00",
    "end_time": "16:30:00",
    "recurrence": "none",
    "recurrence_end_date": null,
    "parent_slot": null,
    "max_bookings": 1,
    "current_bookings": 0,
    "status": "available",
    "price_override": null,
    "notes": "",
    "created_at": "2025-12-09T19:41:22.415Z",
    "updated_at": "2025-12-09T19:41:22.415Z"
  }
},
{
  "model": "bookings.availabilityslot",
  "pk": 12,
  "fields": {
    "coach": 4,
    "session_type": 3,
    "date": "2025-12-11",
    "start_time": "17:00:00",
    "end_time": "18:00:00",
    "recurrence": "none",
    "recurrence_end_date": null,
    "parent_slot": null,
    "max_bookings": 1,
    "current_bookings": 0,
    "status": "available",
    "price_override": null,
    "notes": "",
    "created_at": "2025-12-09T19:41:22.416Z",
    "updated_at": "2025-12-09T19:41:22.416Z"
  }
},
{
  "model": "bookings.availabilityslot",
  "pk": 13,
  "fields": {
    "coach": 4,
    "session_type": 2,
    "date": "2025-12-11",
    "start_time": "18:30:00",
    "end_time": "19:30:00",
    "recurrence": "none",
    "recurrence_end_date": null,
    "parent_slot": null,
    "max_bookings": 4,
    "current_bookings": 0,
    "status": "available",
    "price_override": null,
    "notes": "",
    "created_at": "2025-12-09T19:41:22.417Z",
    "updated_at": "2025-12-09T19:41:22.417Z"
  }
},
{
  "model": "bookings.availabilityslot",
  "pk": 14,
  "fields": {
    "coach": 4,
    "session_type": 1,
    "date": "2025-12-12",
    "start_time": "09:00:00",
    "end_time": "10:00:00",
    "recurrence": "none",
    "recurrence_end_date": null,
    "parent_slot": null,
    "max_bookings": 1,
    "current_bookings": 0,
    "status": "available",
    "price_override": null,
    "notes": "",
    "created_at": "2025-12-09T19:41:22.419Z",
    "updated_at": "2025-12-09T19:41:22.419Z"
  }
},
{
  "model": "bookings.availabilityslot",
  "pk": 15,
  "fields": {
    "coach": 4,
    "session_type": 3,
    "date": "2025-12-12",
    "start_time": "10:30:00",
    "end_time": "11:30:00",
    "recurrence": "none",
    "recurrence_end_date": null,
    "parent_slot": null,
    "max_bookings": 1,
    "current_bookings": 0,
    "status": "available",
    "price_override": null,
    "notes": "",
    "created_at": "2025-12-09T19:41:22.420Z",
    "updated_at": "2025-12-09T19:41:22.420Z"
  }
},
{
  "model": "bookings.availabilityslot",
  "pk": 16,
  "fields": {
    "coach": 4,
    "session_type": 2,
    "date": "2025-12-12",
    "start_time": "14:00:00",
    "end_time": "15:00:00",
    "recurrence": "none",
    "recurrence_end_date": null,
    "parent_slot": null,
    "max_bookings": 4,
    "current_bookings": 0,
    "status": "available",
    "price_override": null,
    "notes": "",
    "created_at": "2025-12-09T19:41:22.422Z",
    "updated_at": "2025-12-09T19:41:22.422Z"
  }
},
{
  "model": "bookings.availabilityslot",
  "pk": 17,
  "fields": {
    "coach": 4,
    "session_type": 1,
    "date": "2025-12-12",
    "start_time": "15:30:00",
    "end_time": "16:30:00",
    "recurrence": "none",
    "recurrence_end_date": null,
    "parent_slot": null,
    "max_bookings": 1,
    "current_bookings": 0,
    "status": "available",
    "price_override": null,
    "notes": "",
    "created_at": "2025-12-09T19:41:22.423Z",
    "updated_at": "2025-12-09T19:41:22.423Z"
  }
},
{
  "model": "bookings.availabilityslot",
  "pk": 18,
  "fields": {
    "coach": 4,
    "session_type": 3,
    "date": "2025-12-12",
    "start_time": "17:00:00",
    "end_time": "18:00:00",
    "recurrence": "none",
    "recurrence_end_date": null,
    "parent_slot": null,
    "max_bookings": 1,
    "current_bookings": 0,
    "status": "available",
    "price_override": null,
    "notes": "",
    "created_at": "2025-12-09T19:41:22.425Z",
    "updated_at": "2025-12-09T19:41:22.425Z"
  }
},
{
  "model": "bookings.availabilityslot",
  "pk": 19,
  "fields": {
    "coach": 4,
    "session_type": 2,
    "date": "2025-12-12",
    "start_time": "18:30:00",
    "end_time": "19:30:00",
    "recurrence": "none",
    "recurrence_end_date": null,
    "parent_slot": null,
    "max_bookings": 4,
    "current_bookings": 0,
    "status": "available",
    "price_override": null,
    "notes": "",
    "created_at": "2025-12-09T19:41:22.426Z",
    "updated_at": "2025-12-09T19:41:22.426Z"
  }
},
{
  "model": "bookings.availabilityslot",
  "pk": 20,
  "fields": {
    "coach": 4,
    "session_type": 1,
    "date": "2025-12-13",
    "start_time": "09:00:00",
    "end_time": "10:00:00",
    "recurrence": "none",
    "recurrence_end_date": null,
    "parent_slot": null,
    "max_bookings": 1,
    "current_bookings": 0,
    "status": "available",
    "price_override": null,
    "notes": "",
    "created_at": "2025-12-09T19:41:22.428Z",
    "updated_at": "2025-12-09T19:41:22.428Z"
  }
},
{
  "model": "bookings.availabilityslot",
  "pk": 21,
  "fields": {
    "coach": 4,
    "session_type": 3,
    "date": "2025-12-13",
    "start_time": "10:30:00",
    "end_time": "11:30:00",
    "recurrence": "none",
    "recurrence_end_date": null,
    "parent_slot": null,
    "max_bookings": 1,
    "current_bookings": 0,
    "status": "available",
    "price_override": null,
    "notes": "",
    "created_at": "2025-12-09T19:41:22.429Z",
    "updated_at": "2025-12-09T19:41:22.429Z"
  }
},
{
  "model": "bookings.availabilityslot",
  "pk": 22,
  "fields": {
    "coach": 4,
    "session_type": 2,
    "date": "2025-12-13",
    "start_time": "14:00:00",
    "end_time": "15:00:00",
    "recurrence": "none",
    "recurrence_end_date": null,
    "parent_slot": null,
    "max_bookings": 4,
    "current_bookings": 0,
    "status": "available",
    "price_override": null,
    "notes": "",
    "created_at": "2025-12-09T19:41:22.430Z",
    "updated_at": "2025-12-09T19:41:22.430Z"
  }
},
{
  "model": "bookings.availabilityslot",
  "pk": 23,
  "fields": {
    "coach": 4,
    "session_type": 1,
    "date": "2025-12-13",
    "start_time": "15:30:00",
    "end_time": "16:30:00",
    "recurrence": "none",
    "recurrence_end_date": null,
    "parent_slot": null,
    "max_bookings": 1,
    "current_bookings": 0,
    "status": "available",
    "price_override": null,
    "notes": "",
    "created_at": "2025-12-09T19:41:22.432Z",
    "updated_at": "2025-12-09T19:41:22.432Z"
  }
},
{
  "model": "bookings.availabilityslot",
  "pk": 24,
  "fields": {
    "coach": 4,
    "session_type": 3,
    "date": "2025-12-13",
    "start_time": "17:00:00",
    "end_time": "18:00:00",
    "recurrence": "none",
    "recurrence_end_date": null,
    "parent_slot": null,
    "max_bookings": 1,
    "current_bookings": 0,
    "status": "available",
    "price_override": null,
    "notes": "",
    "created_at": "2025-12-09T19:41:22.433Z",
    "updated_at": "2025-12-09T19:41:22.433Z"
  }
},
{
  "model": "bookings.availabilityslot",
  "pk": 25,
  "fields": {
    "coach": 4,
    "session_type": 2,
    "date": "2025-12-13",
    "start_time": "18:30:00",
    "end_time": "19:30:00",
    "recurrence": "none",
    "recurrence_end_date": null,
    "parent_slot": null,
    "max_bookings": 4,
    "current_bookings": 0,
    "status": "available",
    "price_override": null,
    "notes": "",
    "created_at": "2025-12-09T19:41:22.435Z",
    "updated_at": "2025-12-09T19:41:22.435Z"
  }
},
{
  "model": "bookings.availabilityslot",
  "pk": 26,
  "fields": {
    "coach": 4,
    "session_type": 1,
    "date": "2025-12-15",
    "start_time": "09:00:00",
    "end_time": "10:00:00",
    "recurrence": "none",
    "recurrence_end_date": null,
    "parent_slot": null,
    "max_bookings": 1,
    "current_bookings": 0,
    "status": "available",
    "price_override": null,
    "notes": "",
    "created_at": "2025-12-09T19:41:22.436Z",
    "updated_at": "2025-12-09T19:41:22.436Z"
  }
},
{
  "model": "bookings.availabilityslot",
  "pk": 27,
  "fields": {
    "coach": 4,
    "session_type": 3,
    "date": "2025-12-15",
    "start_time": "10:30:00",
    "end_time": "11:30:00",
    "recurrence": "none",
    "recurrence_end_date": null,
    "parent_slot": null,
    "max_bookings": 1,
    "current_bookings": 0,
    "status": "available",
    "price_override": null,
    "notes": "",
    "created_at": "2025-12-09T19:41:22.438Z",
    "updated_at": "2025-12-09T19:41:22.438Z"
  }
},
{
  "model": "bookings.availabilityslot",
  "pk": 28,
  "fields": {
    "coach": 4,
    "session_type": 2,
    "date": "2025-12-15",
    "start_time": "14:00:00",
    "end_time": "15:00:00",
    "recurrence": "none",
    "recurrence_end_date": null,
    "parent_slot": null,
    "max_bookings": 4,
    "current_bookings": 0,
    "status": "available",
    "price_override": null,
    "notes": "",
    "created_at": "2025-12-09T19:41:22.439Z",
    "updated_at": "2025-12-09T19:41:22.439Z"
  }
},
{
  "model": "bookings.availabilityslot",
  "pk": 29,
  "fields": {
    "coach": 4,
    "session_type": 1,
    "date": "2025-12-15",
    "start_time": "15:30:00",
    "end_time": "16:30:00",
    "recurrence": "none",
    "recurrence_end_date": null,
    "parent_slot": null,
    "max_bookings": 1,
    "current_bookings": 0,
    "status": "available",
    "price_override": null,
    "notes": "",
    "created_at": "2025-12-09T19:41:22.440Z",
    "updated_at": "2025-12-09T19:41:22.441Z"
  }
},
{
  "model": "bookings.availabilityslot",
  "pk": 30,
  "fields": {
    "coach": 4,
    "session_type": 3,
    "date": "2025-12-15",
    "start_time": "17:00:00",
    "end_time": "18:00:00",
    "recurrence": "none",
    "recurrence_end_date": null,
    "parent_slot": null,
    "max_bookings": 1,
    "current_bookings": 0,
    "status": "available",
    "price_override": null,
    "notes": "",
    "created_at": "2025-12-09T19:41:22.442Z",
    "updated_at": "2025-12-09T19:41:22.442Z"
  }
},
{
  "model": "bookings.availabilityslot",
  "pk": 31,
  "fields": {
    "coach": 4,
    "session_type": 2,
    "date": "2025-12-15",
    "start_time": "18:30:00",
    "end_time": "19:30:00",
    "recurrence": "none",
    "recurrence_end_date": null,
    "parent_slot": null,
    "max_bookings": 4,
    "current_bookings": 0,
    "status": "available",
    "price_override": null,
    "notes": "",
    "created_at": "2025-12-09T19:41:22.443Z",
    "updated_at": "2025-12-09T19:41:22.443Z"
  }
},
{
  "model": "bookings.availabilityslot",
  "pk": 32,
  "fields": {
    "coach": 4,
    "session_type": 1,
    "date": "2025-12-16",
    "start_time": "09:00:00",
    "end_time": "10:00:00",
    "recurrence": "none",
    "recurrence_end_date": null,
    "parent_slot": null,
    "max_bookings": 1,
    "current_bookings": 0,
    "status": "available",
    "price_override": null,
    "notes": "",
    "created_at": "2025-12-09T19:41:22.445Z",
    "updated_at": "2025-12-09T19:41:22.445Z"
  }
},
{
  "model": "bookings.availabilityslot",
  "pk": 33,
  "fields": {
    "coach": 4,
    "session_type": 3,
    "date": "2025-12-16",
    "start_time": "10:30:00",
    "end_time": "11:30:00",
    "recurrence": "none",
    "recurrence_end_date": null,
    "parent_slot": null,
    "max_bookings": 1,
    "current_bookings": 0,
    "status": "available",
    "price_override": null,
    "notes": "",
    "created_at": "2025-12-09T19:41:22.447Z",
    "updated_at": "2025-12-09T19:41:22.447Z"
  }
},
{
  "model": "bookings.availabilityslot",
  "pk": 34,
  "fields": {
    "coach": 4,
    "session_type": 2,
    "date": "2025-12-16",
    "start_time": "14:00:00",
    "end_time": "15:00:00",
    "recurrence": "none",
    "recurrence_end_date": null,
    "parent_slot": null,
    "max_bookings": 4,
    "current_bookings": 0,
    "status": "available",
    "price_override": null,
    "notes": "",
    "created_at": "2025-12-09T19:41:22.448Z",
    "updated_at": "2025-12-09T19:41:22.448Z"
  }
},
{
  "model": "bookings.availabilityslot",
  "pk": 35,
  "fields": {
    "coach": 4,
    "session_type": 1,
    "date": "2025-12-16",
    "start_time": "15:30:00",
    "end_time": "16:30:00",
    "recurrence": "none",
    "recurrence_end_date": null,
    "parent_slot": null,
    "max_bookings": 1,
    "current_bookings": 0,
    "status": "available",
    "price_override": null,
    "notes": "",
    "created_at": "2025-12-09T19:41:22.450Z",
    "updated_at": "2025-12-09T19:41:22.450Z"
  }
},
{
  "model": "bookings.availabilityslot",
  "pk": 36,
  "fields": {
    "coach": 4,
    "session_type": 3,
    "date": "2025-12-16",
    "start_time": "17:00:00",
    "end_time": "18:00:00",
    "recurrence": "none",
    "recurrence_end_date": null,
    "parent_slot": null,
    "max_bookings": 1,
    "current_bookings": 0,
    "status": "available",
    "price_override": null,
    "notes": "",
    "created_at": "2025-12-09T19:41:22.451Z",
    "updated_at": "2025-12-09T19:41:22.451Z"
  }
},
{
  "model": "bookings.availabilityslot",
  "pk": 37,
  "fields": {
    "coach": 4,
    "session_type": 2,
    "date": "2025-12-16",
    "start_time": "18:30:00",
    "end_time": "19:30:00",
    "recurrence": "none",
    "recurrence_end_date": null,
    "parent_slot": null,
    "max_bookings": 4,
    "current_bookings": 0,
    "status": "available",
    "price_override": null,
    "notes": "",
    "created_at": "2025-12-09T19:41:22.452Z",
    "updated_at": "2025-12-09T19:41:22.452Z"
  }
},
{
  "model": "bookings.availabilityslot",
  "pk": 38,
  "fields": {
    "coach": 4,
    "session_type": 1,
    "date": "2025-12-17",
    "start_time": "09:00:00",
    "end_time": "10:00:00",
    "recurrence": "none",
    "recurrence_end_date": null,
    "parent_slot": null,
    "max_bookings": 1,
    "current_bookings": 0,
    "status": "available",
    "price_override": null,
    "notes": "",
    "created_at": "2025-12-09T19:41:22.454Z",
    "updated_at": "2025-12-09T19:41:22.454Z"
  }
},
{
  "model": "bookings.availabilityslot",
  "pk": 39,
  "fields": {
    "coach": 4,
    "session_type": 3,
    "date": "2025-12-17",
    "start_time": "10:30:00",
    "end_time": "11:30:00",
    "recurrence": "none",
    "recurrence_end_date": null,
    "parent_slot": null,
    "max_bookings": 1,
    "current_bookings": 0,
    "status": "available",
    "price_override": null,
    "notes": "",
    "created_at": "2025-12-09T19:41:22.455Z",
    "updated_at": "2025-12-09T19:41:22.455Z"
  }
},
{
  "model": "bookings.availabilityslot",
  "pk": 40,
  "fields": {
    "coach": 4,
    "session_type": 2,
    "date": "2025-12-17",
    "start_time": "14:00:00",
    "end_time": "15:00:00",
    "recurrence": "none",
    "recurrence_end_date": null,
    "parent_slot": null,
    "max_bookings": 4,
    "current_bookings": 0,
    "status": "available",
    "price_override": null,
    "notes": "",
    "created_at": "2025-12-09T19:41:22.457Z",
    "updated_at": "2025-12-09T19:41:22.457Z"
  }
},
{
  "model": "bookings.availabilityslot",
  "pk": 41,
  "fields": {
    "coach": 4,
    "session_type": 1,
    "date": "2025-12-17",
    "start_time": "15:30:00",
    "end_time": "16:30:00",
    "recurrence": "none",
    "recurrence_end_date": null,
    "parent_slot": null,
    "max_bookings": 1,
    "current_bookings": 0,
    "status": "available",
    "price_override": null,
    "notes": "",
    "created_at": "2025-12-09T19:41:22.458Z",
    "updated_at": "2025-12-09T19:41:22.458Z"
  }
},
{
  "model": "bookings.availabilityslot",
  "pk": 42,
  "fields": {
    "coach": 4,
    "session_type": 3,
    "date": "2025-12-17",
    "start_time": "17:00:00",
    "end_time": "18:00:00",
    "recurrence": "none",
    "recurrence_end_date": null,
    "parent_slot": null,
    "max_bookings": 1,
    "current_bookings": 0,
    "status": "available",
    "price_override": null,
    "notes": "",
    "created_at": "2025-12-09T19:41:22.460Z",
    "updated_at": "2025-12-09T19:41:22.460Z"
  }
},
{
  "model": "bookings.availabilityslot",
  "pk": 43,
  "fields": {
    "coach": 4,
    "session_type": 2,
    "date": "2025-12-17",
    "start_time": "18:30:00",
    "end_time": "19:30:00",
    "recurrence": "none",
    "recurrence_end_date": null,
    "parent_slot": null,
    "max_bookings": 4,
    "current_bookings": 0,
    "status": "available",
    "price_override": null,
    "notes": "",
    "created_at": "2025-12-09T19:41:22.461Z",
    "updated_at": "2025-12-09T19:41:22.461Z"
  }
},
{
  "model": "bookings.availabilityslot",
  "pk": 44,
  "fields": {
    "coach": 4,
    "session_type": 1,
    "date": "2025-12-18",
    "start_time": "09:00:00",
    "end_time": "10:00:00",
    "recurrence": "none",
    "recurrence_end_date": null,
    "parent_slot": null,
    "max_bookings": 1,
    "current_bookings": 0,
    "status": "available",
    "price_override": null,
    "notes": "",
    "created_at": "2025-12-09T19:41:22.463Z",
    "updated_at": "2025-12-09T19:41:22.463Z"
  }
},
{
  "model": "bookings.availabilityslot",
  "pk": 45,
  "fields": {
    "coach": 4,
    "session_type": 3,
    "date": "2025-12-18",
    "start_time": "10:30:00",
    "end_time": "11:30:00",
    "recurrence": "none",
    "recurrence_end_date": null,
    "parent_slot": null,
    "max_bookings": 1,
    "current_bookings": 0,
    "status": "available",
    "price_override": null,
    "notes": "",
    "created_at": "2025-12-09T19:41:22.465Z",
    "updated_at": "2025-12-09T19:41:22.465Z"
  }
},
{
  "model": "bookings.availabilityslot",
  "pk": 46,
  "fields": {
    "coach": 4,
    "session_type": 2,
    "date": "2025-12-18",
    "start_time": "14:00:00",
    "end_time": "15:00:00",
    "recurrence": "none",
    "recurrence_end_date": null,
    "parent_slot": null,
    "max_bookings": 4,
    "current_bookings": 0,
    "status": "available",
    "price_override": null,
    "notes": "",
    "created_at": "2025-12-09T19:41:22.466Z",
    "updated_at": "2025-12-09T19:41:22.466Z"
  }
},
{
  "model": "bookings.availabilityslot",
  "pk": 47,
  "fields": {
    "coach": 4,
    "session_type": 1,
    "date": "2025-12-18",
    "start_time": "15:30:00",
    "end_time": "16:30:00",
    "recurrence": "none",
    "recurrence_end_date": null,
    "parent_slot": null,
    "max_bookings": 1,
    "current_bookings": 0,
    "status": "available",
    "price_override": null,
    "notes": "",
    "created_at": "2025-12-09T19:41:22.468Z",
    "updated_at": "2025-12-09T19:41:22.468Z"
  }
},
{
  "model": "bookings.availabilityslot",
  "pk": 48,
  "fields": {
    "coach": 4,
    "session_type": 3,
    "date": "2025-12-18",
    "start_time": "17:00:00",
    "end_time": "18:00:00",
    "recurrence": "none",
    "recurrence_end_date": null,
    "parent_slot": null,
    "max_bookings": 1,
    "current_bookings": 0,
    "status": "available",
    "price_override": null,
    "notes": "",
    "created_at": "2025-12-09T19:41:22.470Z",
    "updated_at": "2025-12-09T19:41:22.470Z"
  }
},
{
  "model": "bookings.availabilityslot",
  "pk": 49,
  "fields": {
    "coach": 4,
    "session_type": 2,
    "date": "2025-12-18",
    "start_time": "18:30:00",
    "end_time": "19:30:00",
    "recurrence": "none",
    "recurrence_end_date": null,
    "parent_slot": null,
    "max_bookings": 4,
    "current_bookings": 0,
    "status": "available",
    "price_override": null,
    "notes": "",
    "created_at": "2025-12-09T19:41:22.471Z",
    "updated_at": "2025-12-09T19:41:22.471Z"
  }
},
{
  "model": "bookings.availabilityslot",
  "pk": 50,
  "fields": {
    "coach": 4,
    "session_type": 1,
    "date": "2025-12-19",
    "start_time": "09:00:00",
    "end_time": "10:00:00",
    "recurrence": "none",
    "recurrence_end_date": null,
    "parent_slot": null,
    "max_bookings": 1,
    "current_bookings": 0,
    "status": "available",
    "price_override": null,
    "notes": "",
    "created_at": "2025-12-09T19:41:22.473Z",
    "updated_at": "2025-12-09T19:41:22.473Z"
  }
},
{
  "model": "bookings.availabilityslot",
  "pk": 51,
  "fields": {
    "coach": 4,
    "session_type": 3,
    "date": "2025-12-19",
    "start_time": "10:30:00",
    "end_time": "11:30:00",
    "recurrence": "none",
    "recurrence_end_date": null,
    "parent_slot": null,
    "max_bookings": 1,
    "current_bookings": 0,
    "status": "available",
    "price_override": null,
    "notes": "",
    "created_at": "2025-12-09T19:41:22.475Z",
    "updated_at": "2025-12-09T19:41:22.475Z"
  }
},
{
  "model": "bookings.availabilityslot",
  "pk": 52,
  "fields": {
    "coach": 4,
    "session_type": 2,
    "date": "2025-12-19",
    "start_time": "14:00:00",
    "end_time": "15:00:00",
    "recurrence": "none",
    "recurrence_end_date": null,
    "parent_slot": null,
    "max_bookings": 4,
    "current_bookings": 0,
    "status": "available",
    "price_override": null,
    "notes": "",
    "created_at": "2025-12-09T19:41:22.476Z",
    "updated_at": "2025-12-09T19:41:22.476Z"
  }
},
{
  "model": "bookings.availabilityslot",
  "pk": 53,
  "fields": {
    "coach": 4,
    "session_type": 1,
    "date": "2025-12-19",
    "start_time": "15:30:00",
    "end_time": "16:30:00",
    "recurrence": "none",
    "recurrence_end_date": null,
    "parent_slot": null,
    "max_bookings": 1,
    "current_bookings": 0,
    "status": "available",
    "price_override": null,
    "notes": "",
    "created_at": "2025-12-09T19:41:22.478Z",
    "updated_at": "2025-12-09T19:41:22.478Z"
  }
},
{
  "model": "bookings.availabilityslot",
  "pk": 54,
  "fields": {
    "coach": 4,
    "session_type": 3,
    "date": "2025-12-19",
    "start_time": "17:00:00",
    "end_time": "18:00:00",
    "recurrence": "none",
    "recurrence_end_date": null,
    "parent_slot": null,
    "max_bookings": 1,
    "current_bookings": 0,
    "status": "available",
    "price_override": null,
    "notes": "",
    "created_at": "2025-12-09T19:41:22.480Z",
    "updated_at": "2025-12-09T19:41:22.480Z"
  }
},
{
  "model": "bookings.availabilityslot",
  "pk": 55,
  "fields": {
    "coach": 4,
    "session_type": 2,
    "date": "2025-12-19",
    "start_time": "18:30:00",
    "end_time": "19:30:00",
    "recurrence": "none",
    "recurrence_end_date": null,
    "parent_slot": null,
    "max_bookings": 4,
    "current_bookings": 0,
    "status": "available",
    "price_override": null,
    "notes": "",
    "created_at": "2025-12-09T19:41:22.481Z",
    "updated_at": "2025-12-09T19:41:22.481Z"
  }
},
{
  "model": "bookings.availabilityslot",
  "pk": 56,
  "fields": {
    "coach": 4,
    "session_type": 1,
    "date": "2025-12-20",
    "start_time": "09:00:00",
    "end_time": "10:00:00",
    "recurrence": "none",
    "recurrence_end_date": null,
    "parent_slot": null,
    "max_bookings": 1,
    "current_bookings": 0,
    "status": "available",
    "price_override": null,
    "notes": "",
    "created_at": "2025-12-09T19:41:22.483Z",
    "updated_at": "2025-12-09T19:41:22.483Z"
  }
},
{
  "model": "bookings.availabilityslot",
  "pk": 57,
  "fields": {
    "coach": 4,
    "session_type": 3,
    "date": "2025-12-20",
    "start_time": "10:30:00",
    "end_time": "11:30:00",
    "recurrence": "none",
    "recurrence_end_date": null,
    "parent_slot": null,
    "max_bookings": 1,
    "current_bookings": 0,
    "status": "available",
    "price_override": null,
    "notes": "",
    "created_at": "2025-12-09T19:41:22.484Z",
    "updated_at": "2025-12-09T19:41:22.484Z"
  }
},
{
  "model": "bookings.availabilityslot",
  "pk": 58,
  "fields": {
    "coach": 4,
    "session_type": 2,
    "date": "2025-12-20",
    "start_time": "14:00:00",
    "end_time": "15:00:00",
    "recurrence": "none",
    "recurrence_end_date": null,
    "parent_slot": null,
    "max_bookings": 4,
    "current_bookings": 0,
    "status": "available",
    "price_override": null,
    "notes": "",
    "created_at": "2025-12-09T19:41:22.486Z",
    "updated_at": "2025-12-09T19:41:22.486Z"
  }
},
{
  "model": "bookings.availabilityslot",
  "pk": 59,
  "fields": {
    "coach": 4,
    "session_type": 1,
    "date": "2025-12-20",
    "start_time": "15:30:00",
    "end_time": "16:30:00",
    "recurrence": "none",
    "recurrence_end_date": null,
    "parent_slot": null,
    "max_bookings": 1,
    "current_bookings": 0,
    "status": "available",
    "price_override": null,
    "notes": "",
    "created_at": "2025-12-09T19:41:22.488Z",
    "updated_at": "2025-12-09T19:41:22.488Z"
  }
},
{
  "model": "bookings.availabilityslot",
  "pk": 60,
  "fields": {
    "coach": 4,
    "session_type": 3,
    "date": "2025-12-20",
    "start_time": "17:00:00",
    "end_time": "18:00:00",
    "recurrence": "none",
    "recurrence_end_date": null,
    "parent_slot": null,
    "max_bookings": 1,
    "current_bookings": 0,
    "status": "available",
    "price_override": null,
    "notes": "",
    "created_at": "2025-12-09T19:41:22.490Z",
    "updated_at": "2025-12-09T19:41:22.490Z"
  }
},
{
  "model": "bookings.availabilityslot",
  "pk": 61,
  "fields": {
    "coach": 4,
    "session_type": 2,
    "date": "2025-12-20",
    "start_time": "18:30:00",
    "end_time": "19:30:00",
    "recurrence": "none",
    "recurrence_end_date": null,
    "parent_slot": null,
    "max_bookings": 4,
    "current_bookings": 0,
    "status": "available",
    "price_override": null,
    "notes": "",
    "created_at": "2025-12-09T19:41:22.492Z",
    "updated_at": "2025-12-09T19:41:22.492Z"
  }
},
{
  "model": "bookings.availabilityslot",
  "pk": 62,
  "fields": {
    "coach": 4,
    "session_type": 1,
    "date": "2025-12-22",
    "start_time": "09:00:00",
    "end_time": "10:00:00",
    "recurrence": "none",
    "recurrence_end_date": null,
    "parent_slot": null,
    "max_bookings": 1,
    "current_bookings": 0,
    "status": "available",
    "price_override": null,
    "notes": "",
    "created_at": "2025-12-09T19:41:22.494Z",
    "updated_at": "2025-12-09T19:41:22.494Z"
  }
},
{
  "model": "bookings.availabilityslot",
  "pk": 63,
  "fields": {
    "coach": 4,
    "session_type": 3,
    "date": "2025-12-22",
    "start_time": "10:30:00",
    "end_time": "11:30:00",
    "recurrence": "none",
    "recurrence_end_date": null,
    "parent_slot": null,
    "max_bookings": 1,
    "current_bookings": 0,
    "status": "available",
    "price_override": null,
    "notes": "",
    "created_at": "2025-12-09T19:41:22.496Z",
    "updated_at": "2025-12-09T19:41:22.496Z"
  }
},
{
  "model": "bookings.availabilityslot",
  "pk": 64,
  "fields": {
    "coach": 4,
    "session_type": 2,
    "date": "2025-12-22",
    "start_time": "14:00:00",
    "end_time": "15:00:00",
    "recurrence": "none",
    "recurrence_end_date": null,
    "parent_slot": null,
    "max_bookings": 4,
    "current_bookings": 0,
    "status": "available",
    "price_override": null,
    "notes": "",
    "created_at": "2025-12-09T19:41:22.497Z",
    "updated_at": "2025-12-09T19:41:22.497Z"
  }
},
{
  "model": "bookings.availabilityslot",
  "pk": 65,
  "fields": {
    "coach": 4,
    "session_type": 1,
    "date": "2025-12-22",
    "start_time": "15:30:00",
    "end_time": "16:30:00",
    "recurrence": "none",
    "recurrence_end_date": null,
    "parent_slot": null,
    "max_bookings": 1,
    "current_bookings": 0,
    "status": "available",
    "price_override": null,
    "notes": "",
    "created_at": "2025-12-09T19:41:22.499Z",
    "updated_at": "2025-12-09T19:41:22.499Z"
  }
},
{
  "model": "bookings.availabilityslot",
  "pk": 66,
  "fields": {
    "coach": 4,
    "session_type": 3,
    "date": "2025-12-22",
    "start_time": "17:00:00",
    "end_time": "18:00:00",
    "recurrence": "none",
    "recurrence_end_date": null,
    "parent_slot": null,
    "max_bookings": 1,
    "current_bookings": 0,
    "status": "available",
    "price_override": null,
    "notes": "",
    "created_at": "2025-12-09T19:41:22.501Z",
    "updated_at": "2025-12-09T19:41:22.501Z"
  }
},
{
  "model": "bookings.availabilityslot",
  "pk": 67,
  "fields": {
    "coach": 4,
    "session_type": 2,
    "date": "2025-12-22",
    "start_time": "18:30:00",
    "end_time": "19:30:00",
    "recurrence": "none",
    "recurrence_end_date": null,
    "parent_slot": null,
    "max_bookings": 4,
    "current_bookings": 0,
    "status": "available",
    "price_override": null,
    "notes": "",
    "created_at": "2025-12-09T19:41:22.502Z",
    "updated_at": "2025-12-09T19:41:22.502Z"
  }
},
{
  "model": "bookings.availabilityslot",
  "pk": 68,
  "fields": {
    "coach": 4,
    "session_type": 1,
    "date": "2025-12-23",
    "start_time": "09:00:00",
    "end_time": "10:00:00",
    "recurrence": "none",
    "recurrence_end_date": null,
    "parent_slot": null,
    "max_bookings": 1,
    "current_bookings": 0,
    "status": "available",
    "price_override": null,
    "notes": "",
    "created_at": "2025-12-09T19:41:22.505Z",
    "updated_at": "2025-12-09T19:41:22.505Z"
  }
},
{
  "model": "bookings.availabilityslot",
  "pk": 69,
  "fields": {
    "coach": 4,
    "session_type": 3,
    "date": "2025-12-23",
    "start_time": "10:30:00",
    "end_time": "11:30:00",
    "recurrence": "none",
    "recurrence_end_date": null,
    "parent_slot": null,
    "max_bookings": 1,
    "current_bookings": 0,
    "status": "available",
    "price_override": null,
    "notes": "",
    "created_at": "2025-12-09T19:41:22.507Z",
    "updated_at": "2025-12-09T19:41:22.507Z"
  }
},
{
  "model": "bookings.availabilityslot",
  "pk": 70,
  "fields": {
    "coach": 4,
    "session_type": 2,
    "date": "2025-12-23",
    "start_time": "14:00:00",
    "end_time": "15:00:00",
    "recurrence": "none",
    "recurrence_end_date": null,
    "parent_slot": null,
    "max_bookings": 4,
    "current_bookings": 0,
    "status": "available",
    "price_override": null,
    "notes": "",
    "created_at": "2025-12-09T19:41:22.509Z",
    "updated_at": "2025-12-09T19:41:22.509Z"
  }
},
{
  "model": "bookings.availabilityslot",
  "pk": 71,
  "fields": {
    "coach": 4,
    "session_type": 1,
    "date": "2025-12-23",
    "start_time": "15:30:00",
    "end_time": "16:30:00",
    "recurrence": "none",
    "recurrence_end_date": null,
    "parent_slot": null,
    "max_bookings": 1,
    "current_bookings": 0,
    "status": "available",
    "price_override": null,
    "notes": "",
    "created_at": "2025-12-09T19:41:22.511Z",
    "updated_at": "2025-12-09T19:41:22.511Z"
  }
},
{
  "model": "bookings.availabilityslot",
  "pk": 72,
  "fields": {
    "coach": 4,
    "session_type": 3,
    "date": "2025-12-23",
    "start_time": "17:00:00",
    "end_time": "18:00:00",
    "recurrence": "none",
    "recurrence_end_date": null,
    "parent_slot": null,
    "max_bookings": 1,
    "current_bookings": 0,
    "status": "available",
    "price_override": null,
    "notes": "",
    "created_at": "2025-12-09T19:41:22.513Z",
    "updated_at": "2025-12-09T19:41:22.513Z"
  }
},
{
  "model": "bookings.availabilityslot",
  "pk": 73,
  "fields": {
    "coach": 4,
    "session_type": 2,
    "date": "2025-12-23",
    "start_time": "18:30:00",
    "end_time": "19:30:00",
    "recurrence": "none",
    "recurrence_end_date": null,
    "parent_slot": null,
    "max_bookings": 4,
    "current_bookings": 0,
    "status": "available",
    "price_override": null,
    "notes": "",
    "created_at": "2025-12-09T19:41:22.515Z",
    "updated_at": "2025-12-09T19:41:22.515Z"
  }
},
{
  "model": "bookings.availabilityslot",
  "pk": 74,
  "fields": {
    "coach": 5,
    "session_type": 1,
    "date": "2025-12-10",
    "start_time": "09:00:00",
    "end_time": "10:00:00",
    "recurrence": "none",
    "recurrence_end_date": null,
    "parent_slot": null,
    "max_bookings": 1,
    "current_bookings": 0,
    "status": "available",
    "price_override": null,
    "notes": "",
    "created_at": "2025-12-09T19:41:22.517Z",
    "updated_at": "2025-12-09T19:41:22.517Z"
  }
},
{
  "model": "bookings.availabilityslot",
  "pk": 75,
  "fields": {
    "coach": 5,
    "session_type": 3,
    "date": "2025-12-10",
    "start_time": "10:30:00",
    "end_time": "11:30:00",
    "recurrence": "none",
    "recurrence_end_date": null,
    "parent_slot": null,
    "max_bookings": 1,
    "current_bookings": 0,
    "status": "available",
    "price_override": null,
    "notes": "",
    "created_at": "2025-12-09T19:41:22.518Z",
    "updated_at": "2025-12-09T19:41:22.518Z"
  }
},
{
  "model": "bookings.availabilityslot",
  "pk": 76,
  "fields": {
    "coach": 5,
    "session_type": 2,
    "date": "2025-12-10",
    "start_time": "14:00:00",
    "end_time": "15:00:00",
    "recurrence": "none",
    "recurrence_end_date": null,
    "parent_slot": null,
    "max_bookings": 4,
    "current_bookings": 0,
    "status": "available",
    "price_override": null,
    "notes": "",
    "created_at": "2025-12-09T19:41:22.520Z",
    "updated_at": "2025-12-09T19:41:22.520Z"
  }
},
{
  "model": "bookings.availabilityslot",
  "pk": 77,
  "fields": {
    "coach": 5,
    "session_type": 1,
    "date": "2025-12-10",
    "start_time": "15:30:00",
    "end_time": "16:30:00",
    "recurrence": "none",
    "recurrence_end_date": null,
    "parent_slot": null,
    "max_bookings": 1,
    "current_bookings": 0,
    "status": "available",
    "price_override": null,
    "notes": "",
    "created_at": "2025-12-09T19:41:22.522Z",
    "updated_at": "2025-12-09T19:41:22.522Z"
  }
},
{
  "model": "bookings.availabilityslot",
  "pk": 78,
  "fields": {
    "coach": 5,
    "session_type": 3,
    "date": "2025-12-10",
    "start_time": "17:00:00",
    "end_time": "18:00:00",
    "recurrence": "none",
    "recurrence_end_date": null,
    "parent_slot": null,
    "max_bookings": 1,
    "current_bookings": 0,
    "status": "available",
    "price_override": null,
    "notes": "",
    "created_at": "2025-12-09T19:41:22.524Z",
    "updated_at": "2025-12-09T19:41:22.524Z"
  }
},
{
  "model": "bookings.availabilityslot",
  "pk": 79,
  "fields": {
    "coach": 5,
    "session_type": 2,
    "date": "2025-12-10",
    "start_time": "18:30:00",
    "end_time": "19:30:00",
    "recurrence": "none",
    "recurrence_end_date": null,
    "parent_slot": null,
    "max_bookings": 4,
    "current_bookings": 0,
    "status": "available",
    "price_override": null,
    "notes": "",
    "created_at": "2025-12-09T19:41:22.526Z",
    "updated_at": "2025-12-09T19:41:22.526Z"
  }
},
{
  "model": "bookings.availabilityslot",
  "pk": 80,
  "fields": {
    "coach": 5,
    "session_type": 1,
    "date": "2025-12-11",
    "start_time": "09:00:00",
    "end_time": "10:00:00",
    "recurrence": "none",
    "recurrence_end_date": null,
    "parent_slot": null,
    "max_bookings": 1,
    "current_bookings": 0,
    "status": "available",
    "price_override": null,
    "notes": "",
    "created_at": "2025-12-09T19:41:22.527Z",
    "updated_at": "2025-12-09T19:41:22.527Z"
  }
},
{
  "model": "bookings.availabilityslot",
  "pk": 81,
  "fields": {
    "coach": 5,
    "session_type": 3,
    "date": "2025-12-11",
    "start_time": "10:30:00",
    "end_time": "11:30:00",
    "recurrence": "none",
    "recurrence_end_date": null,
    "parent_slot": null,
    "max_bookings": 1,
    "current_bookings": 0,
    "status": "available",
    "price_override": null,
    "notes": "",
    "created_at": "2025-12-09T19:41:22.529Z",
    "updated_at": "2025-12-09T19:41:22.529Z"
  }
},
{
  "model": "bookings.availabilityslot",
  "pk": 82,
  "fields": {
    "coach": 5,
    "session_type": 2,
    "date": "2025-12-11",
    "start_time": "14:00:00",
    "end_time": "15:00:00",
    "recurrence": "none",
    "recurrence_end_date": null,
    "parent_slot": null,
    "max_bookings": 4,
    "current_bookings": 0,
    "status": "available",
    "price_override": null,
    "notes": "",
    "created_at": "2025-12-09T19:41:22.531Z",
    "updated_at": "2025-12-09T19:41:22.531Z"
  }
},
{
  "model": "bookings.availabilityslot",
  "pk": 83,
  "fields": {
    "coach": 5,
    "session_type": 1,
    "date": "2025-12-11",
    "start_time": "15:30:00",
    "end_time": "16:30:00",
    "recurrence": "none",
    "recurrence_end_date": null,
    "parent_slot": null,
    "max_bookings": 1,
    "current_bookings": 0,
    "status": "available",
    "price_override": null,
    "notes": "",
    "created_at": "2025-12-09T19:41:22.532Z",
    "updated_at": "2025-12-09T19:41:22.532Z"
  }
},
{
  "model": "bookings.availabilityslot",
  "pk": 84,
  "fields": {
    "coach": 5,
    "session_type": 3,
    "date": "2025-12-11",
    "start_time": "17:00:00",
    "end_time": "18:00:00",
    "recurrence": "none",
    "recurrence_end_date": null,
    "parent_slot": null,
    "max_bookings": 1,
    "current_bookings": 0,
    "status": "available",
    "price_override": null,
    "notes": "",
    "created_at": "2025-12-09T19:41:22.534Z",
    "updated_at": "2025-12-09T19:41:22.534Z"
  }
},
{
  "model": "bookings.availabilityslot",
  "pk": 85,
  "fields": {
    "coach": 5,
    "session_type": 2,
    "date": "2025-12-11",
    "start_time": "18:30:00",
    "end_time": "19:30:00",
    "recurrence": "none",
    "recurrence_end_date": null,
    "parent_slot": null,
    "max_bookings": 4,
    "current_bookings": 0,
    "status": "available",
    "price_override": null,
    "notes": "",
    "created_at": "2025-12-09T19:41:22.536Z",
    "updated_at": "2025-12-09T19:41:22.536Z"
  }
},
{
  "model": "bookings.availabilityslot",
  "pk": 86,
  "fields": {
    "coach": 5,
    "session_type": 1,
    "date": "2025-12-12",
    "start_time": "09:00:00",
    "end_time": "10:00:00",
    "recurrence": "none",
    "recurrence_end_date": null,
    "parent_slot": null,
    "max_bookings": 1,
    "current_bookings": 0,
    "status": "available",
    "price_override": null,
    "notes": "",
    "created_at": "2025-12-09T19:41:22.537Z",
    "updated_at": "2025-12-09T19:41:22.537Z"
  }
},
{
  "model": "bookings.availabilityslot",
  "pk": 87,
  "fields": {
    "coach": 5,
    "session_type": 3,
    "date": "2025-12-12",
    "start_time": "10:30:00",
    "end_time": "11:30:00",
    "recurrence": "none",
    "recurrence_end_date": null,
    "parent_slot": null,
    "max_bookings": 1,
    "current_bookings": 0,
    "status": "available",
    "price_override": null,
    "notes": "",
    "created_at": "2025-12-09T19:41:22.539Z",
    "updated_at": "2025-12-09T19:41:22.539Z"
  }
},
{
  "model": "bookings.availabilityslot",
  "pk": 88,
  "fields": {
    "coach": 5,
    "session_type": 2,
    "date": "2025-12-12",
    "start_time": "14:00:00",
    "end_time": "15:00:00",
    "recurrence": "none",
    "recurrence_end_date": null,
    "parent_slot": null,
    "max_bookings": 4,
    "current_bookings": 0,
    "status": "available",
    "price_override": null,
    "notes": "",
    "created_at": "2025-12-09T19:41:22.541Z",
    "updated_at": "2025-12-09T19:41:22.541Z"
  }
},
{
  "model": "bookings.availabilityslot",
  "pk": 89,
  "fields": {
    "coach": 5,
    "session_type": 1,
    "date": "2025-12-12",
    "start_time": "15:30:00",
    "end_time": "16:30:00",
    "recurrence": "none",
    "recurrence_end_date": null,
    "parent_slot": null,
    "max_bookings": 1,
    "current_bookings": 0,
    "status": "available",
    "price_override": null,
    "notes": "",
    "created_at": "2025-12-09T19:41:22.543Z",
    "updated_at": "2025-12-09T19:41:22.543Z"
  }
},
{
  "model": "bookings.availabilityslot",
  "pk": 90,
  "fields": {
    "coach": 5,
    "session_type": 3,
    "date": "2025-12-12",
    "start_time": "17:00:00",
    "end_time": "18:00:00",
    "recurrence": "none",
    "recurrence_end_date": null,
    "parent_slot": null,
    "max_bookings": 1,
    "current_bookings": 0,
    "status": "available",
    "price_override": null,
    "notes": "",
    "created_at": "2025-12-09T19:41:22.544Z",
    "updated_at": "2025-12-09T19:41:22.544Z"
  }
},
{
  "model": "bookings.availabilityslot",
  "pk": 91,
  "fields": {
    "coach": 5,
    "session_type": 2,
    "date": "2025-12-12",
    "start_time": "18:30:00",
    "end_time": "19:30:00",
    "recurrence": "none",
    "recurrence_end_date": null,
    "parent_slot": null,
    "max_bookings": 4,
    "current_bookings": 0,
    "status": "available",
    "price_override": null,
    "notes": "",
    "created_at": "2025-12-09T19:41:22.546Z",
    "updated_at": "2025-12-09T19:41:22.546Z"
  }
},
{
  "model": "bookings.availabilityslot",
  "pk": 92,
  "fields": {
    "coach": 5,
    "session_type": 1,
    "date": "2025-12-13",
    "start_time": "09:00:00",
    "end_time": "10:00:00",
    "recurrence": "none",
    "recurrence_end_date": null,
    "parent_slot": null,
    "max_bookings": 1,
    "current_bookings": 0,
    "status": "available",
    "price_override": null,
    "notes": "",
    "created_at": "2025-12-09T19:41:22.548Z",
    "updated_at": "2025-12-09T19:41:22.548Z"
  }
},
{
  "model": "bookings.availabilityslot",
  "pk": 93,
  "fields": {
    "coach": 5,
    "session_type": 3,
    "date": "2025-12-13",
    "start_time": "10:30:00",
    "end_time": "11:30:00",
    "recurrence": "none",
    "recurrence_end_date": null,
    "parent_slot": null,
    "max_bookings": 1,
    "current_bookings": 0,
    "status": "available",
    "price_override": null,
    "notes": "",
    "created_at": "2025-12-09T19:41:22.549Z",
    "updated_at": "2025-12-09T19:41:22.549Z"
  }
},
{
  "model": "bookings.availabilityslot",
  "pk": 94,
  "fields": {
    "coach": 5,
    "session_type": 2,
    "date": "2025-12-13",
    "start_time": "14:00:00",
    "end_time": "15:00:00",
    "recurrence": "none",
    "recurrence_end_date": null,
    "parent_slot": null,
    "max_bookings": 4,
    "current_bookings": 0,
    "status": "available",
    "price_override": null,
    "notes": "",
    "created_at": "2025-12-09T19:41:22.551Z",
    "updated_at": "2025-12-09T19:41:22.551Z"
  }
},
{
  "model": "bookings.availabilityslot",
  "pk": 95,
  "fields": {
    "coach": 5,
    "session_type": 1,
    "date": "2025-12-13",
    "start_time": "15:30:00",
    "end_time": "16:30:00",
    "recurrence": "none",
    "recurrence_end_date": null,
    "parent_slot": null,
    "max_bookings": 1,
    "current_bookings": 0,
    "status": "available",
    "price_override": null,
    "notes": "",
    "created_at": "2025-12-09T19:41:22.553Z",
    "updated_at": "2025-12-09T19:41:22.553Z"
  }
},
{
  "model": "bookings.availabilityslot",
  "pk": 96,
  "fields": {
    "coach": 5,
    "session_type": 3,
    "date": "2025-12-13",
    "start_time": "17:00:00",
    "end_time": "18:00:00",
    "recurrence": "none",
    "recurrence_end_date": null,
    "parent_slot": null,
    "max_bookings": 1,
    "current_bookings": 0,
    "status": "available",
    "price_override": null,
    "notes": "",
    "created_at": "2025-12-09T19:41:22.555Z",
    "updated_at": "2025-12-09T19:41:22.555Z"
  }
},
{
  "model": "bookings.availabilityslot",
  "pk": 97,
  "fields": {
    "coach": 5,
    "session_type": 2,
    "date": "2025-12-13",
    "start_time": "18:30:00",
    "end_time": "19:30:00",
    "recurrence": "none",
    "recurrence_end_date": null,
    "parent_slot": null,
    "max_bookings": 4,
    "current_bookings": 0,
    "status": "available",
    "price_override": null,
    "notes": "",
    "created_at": "2025-12-09T19:41:22.557Z",
    "updated_at": "2025-12-09T19:41:22.557Z"
  }
},
{
  "model": "bookings.availabilityslot",
  "pk": 98,
  "fields": {
    "coach": 5,
    "session_type": 1,
    "date": "2025-12-15",
    "start_time": "09:00:00",
    "end_time": "10:00:00",
    "recurrence": "none",
    "recurrence_end_date": null,
    "parent_slot": null,
    "max_bookings": 1,
    "current_bookings": 0,
    "status": "available",
    "price_override": null,
    "notes": "",
    "created_at": "2025-12-09T19:41:22.558Z",
    "updated_at": "2025-12-09T19:41:22.558Z"
  }
},
{
  "model": "bookings.availabilityslot",
  "pk": 99,
  "fields": {
    "coach": 5,
    "session_type": 3,
    "date": "2025-12-15",
    "start_time": "10:30:00",
    "end_time": "11:30:00",
    "recurrence": "none",
    "recurrence_end_date": null,
    "parent_slot": null,
    "max_bookings": 1,
    "current_bookings": 0,
    "status": "available",
    "price_override": null,
    "notes": "",
    "created_at": "2025-12-09T19:41:22.560Z",
    "updated_at": "2025-12-09T19:41:22.560Z"
  }
},
{
  "model": "bookings.availabilityslot",
  "pk": 100,
  "fields": {
    "coach": 5,
    "session_type": 2,
    "date": "2025-12-15",
    "start_time": "14:00:00",
    "end_time": "15:00:00",
    "recurrence": "none",
    "recurrence_end_date": null,
    "parent_slot": null,
    "max_bookings": 4,
    "current_bookings": 0,
    "status": "available",
    "price_override": null,
    "notes": "",
    "created_at": "2025-12-09T19:41:22.561Z",
    "updated_at": "2025-12-09T19:41:22.561Z"
  }
},
{
  "model": "bookings.availabilityslot",
  "pk": 101,
  "fields": {
    "coach": 5,
    "session_type": 1,
    "date": "2025-12-15",
    "start_time": "15:30:00",
    "end_time": "16:30:00",
    "recurrence": "none",
    "recurrence_end_date": null,
    "parent_slot": null,
    "max_bookings": 1,
    "current_bookings": 0,
    "status": "available",
    "price_override": null,
    "notes": "",
    "created_at": "2025-12-09T19:41:22.563Z",
    "updated_at": "2025-12-09T19:41:22.563Z"
  }
},
{
  "model": "bookings.availabilityslot",
  "pk": 102,
  "fields": {
    "coach": 5,
    "session_type": 3,
    "date": "2025-12-15",
    "start_time": "17:00:00",
    "end_time": "18:00:00",
    "recurrence": "none",
    "recurrence_end_date": null,
    "parent_slot": null,
    "max_bookings": 1,
    "current_bookings": 0,
    "status": "available",
    "price_override": null,
    "notes": "",
    "created_at": "2025-12-09T19:41:22.564Z",
    "updated_at": "2025-12-09T19:41:22.564Z"
  }
},
{
  "model": "bookings.availabilityslot",
  "pk": 103,
  "fields": {
    "coach": 5,
    "session_type": 2,
    "date": "2025-12-15",
    "start_time": "18:30:00",
    "end_time": "19:30:00",
    "recurrence": "none",
    "recurrence_end_date": null,
    "parent_slot": null,
    "max_bookings": 4,
    "current_bookings": 0,
    "status": "available",
    "price_override": null,
    "notes": "",
    "created_at": "2025-12-09T19:41:22.566Z",
    "updated_at": "2025-12-09T19:41:22.566Z"
  }
},
{
  "model": "bookings.availabilityslot",
  "pk": 104,
  "fields": {
    "coach": 5,
    "session_type": 1,
    "date": "2025-12-16",
    "start_time": "09:00:00",
    "end_time": "10:00:00",
    "recurrence": "none",
    "recurrence_end_date": null,
    "parent_slot": null,
    "max_bookings": 1,
    "current_bookings": 0,
    "status": "available",
    "price_override": null,
    "notes": "",
    "created_at": "2025-12-09T19:41:22.568Z",
    "updated_at": "2025-12-09T19:41:22.568Z"
  }
},
{
  "model": "bookings.availabilityslot",
  "pk": 105,
  "fields": {
    "coach": 5,
    "session_type": 3,
    "date": "2025-12-16",
    "start_time": "10:30:00",
    "end_time": "11:30:00",
    "recurrence": "none",
    "recurrence_end_date": null,
    "parent_slot": null,
    "max_bookings": 1,
    "current_bookings": 0,
    "status": "available",
    "price_override": null,
    "notes": "",
    "created_at": "2025-12-09T19:41:22.569Z",
    "updated_at": "2025-12-09T19:41:22.569Z"
  }
},
{
  "model": "bookings.availabilityslot",
  "pk": 106,
  "fields": {
    "coach": 5,
    "session_type": 2,
    "date": "2025-12-16",
    "start_time": "14:00:00",
    "end_time": "15:00:00",
    "recurrence": "none",
    "recurrence_end_date": null,
    "parent_slot": null,
    "max_bookings": 4,
    "current_bookings": 0,
    "status": "available",
    "price_override": null,
    "notes": "",
    "created_at": "2025-12-09T19:41:22.571Z",
    "updated_at": "2025-12-09T19:41:22.571Z"
  }
},
{
  "model": "bookings.availabilityslot",
  "pk": 107,
  "fields": {
    "coach": 5,
    "session_type": 1,
    "date": "2025-12-16",
    "start_time": "15:30:00",
    "end_time": "16:30:00",
    "recurrence": "none",
    "recurrence_end_date": null,
    "parent_slot": null,
    "max_bookings": 1,
    "current_bookings": 0,
    "status": "available",
    "price_override": null,
    "notes": "",
    "created_at": "2025-12-09T19:41:22.573Z",
    "updated_at": "2025-12-09T19:41:22.573Z"
  }
},
{
  "model": "bookings.availabilityslot",
  "pk": 108,
  "fields": {
    "coach": 5,
    "session_type": 3,
    "date": "2025-12-16",
    "start_time": "17:00:00",
    "end_time": "18:00:00",
    "recurrence": "none",
    "recurrence_end_date": null,
    "parent_slot": null,
    "max_bookings": 1,
    "current_bookings": 0,
    "status": "available",
    "price_override": null,
    "notes": "",
    "created_at": "2025-12-09T19:41:22.575Z",
    "updated_at": "2025-12-09T19:41:22.575Z"
  }
},
{
  "model": "bookings.availabilityslot",
  "pk": 109,
  "fields": {
    "coach": 5,
    "session_type": 2,
    "date": "2025-12-16",
    "start_time": "18:30:00",
    "end_time": "19:30:00",
    "recurrence": "none",
    "recurrence_end_date": null,
    "parent_slot": null,
    "max_bookings": 4,
    "current_bookings": 0,
    "status": "available",
    "price_override": null,
    "notes": "",
    "created_at": "2025-12-09T19:41:22.577Z",
    "updated_at": "2025-12-09T19:41:22.577Z"
  }
},
{
  "model": "bookings.availabilityslot",
  "pk": 110,
  "fields": {
    "coach": 5,
    "session_type": 1,
    "date": "2025-12-17",
    "start_time": "09:00:00",
    "end_time": "10:00:00",
    "recurrence": "none",
    "recurrence_end_date": null,
    "parent_slot": null,
    "max_bookings": 1,
    "current_bookings": 0,
    "status": "available",
    "price_override": null,
    "notes": "",
    "created_at": "2025-12-09T19:41:22.578Z",
    "updated_at": "2025-12-09T19:41:22.578Z"
  }
},
{
  "model": "bookings.availabilityslot",
  "pk": 111,
  "fields": {
    "coach": 5,
    "session_type": 3,
    "date": "2025-12-17",
    "start_time": "10:30:00",
    "end_time": "11:30:00",
    "recurrence": "none",
    "recurrence_end_date": null,
    "parent_slot": null,
    "max_bookings": 1,
    "current_bookings": 0,
    "status": "available",
    "price_override": null,
    "notes": "",
    "created_at": "2025-12-09T19:41:22.580Z",
    "updated_at": "2025-12-09T19:41:22.580Z"
  }
},
{
  "model": "bookings.availabilityslot",
  "pk": 112,
  "fields": {
    "coach": 5,
    "session_type": 2,
    "date": "2025-12-17",
    "start_time": "14:00:00",
    "end_time": "15:00:00",
    "recurrence": "none",
    "recurrence_end_date": null,
    "parent_slot": null,
    "max_bookings": 4,
    "current_bookings": 0,
    "status": "available",
    "price_override": null,
    "notes": "",
    "created_at": "2025-12-09T19:41:22.582Z",
    "updated_at": "2025-12-09T19:41:22.582Z"
  }
},
{
  "model": "bookings.availabilityslot",
  "pk": 113,
  "fields": {
    "coach": 5,
    "session_type": 1,
    "date": "2025-12-17",
    "start_time": "15:30:00",
    "end_time": "16:30:00",
    "recurrence": "none",
    "recurrence_end_date": null,
    "parent_slot": null,
    "max_bookings": 1,
    "current_bookings": 0,
    "status": "available",
    "price_override": null,
    "notes": "",
    "created_at": "2025-12-09T19:41:22.583Z",
    "updated_at": "2025-12-09T19:41:22.583Z"
  }
},
{
  "model": "bookings.availabilityslot",
  "pk": 114,
  "fields": {
    "coach": 5,
    "session_type": 3,
    "date": "2025-12-17",
    "start_time": "17:00:00",
    "end_time": "18:00:00",
    "recurrence": "none",
    "recurrence_end_date": null,
    "parent_slot": null,
    "max_bookings": 1,
    "current_bookings": 0,
    "status": "available",
    "price_override": null,
    "notes": "",
    "created_at": "2025-12-09T19:41:22.584Z",
    "updated_at": "2025-12-09T19:41:22.585Z"
  }
},
{
  "model": "bookings.availabilityslot",
  "pk": 115,
  "fields": {
    "coach": 5,
    "session_type": 2,
    "date": "2025-12-17",
    "start_time": "18:30:00",
    "end_time": "19:30:00",
    "recurrence": "none",
    "recurrence_end_date": null,
    "parent_slot": null,
    "max_bookings": 4,
    "current_bookings": 0,
    "status": "available",
    "price_override": null,
    "notes": "",
    "created_at": "2025-12-09T19:41:22.586Z",
    "updated_at": "2025-12-09T19:41:22.586Z"
  }
},
{
  "model": "bookings.availabilityslot",
  "pk": 116,
  "fields": {
    "coach": 5,
    "session_type": 1,
    "date": "2025-12-18",
    "start_time": "09:00:00",
    "end_time": "10:00:00",
    "recurrence": "none",
    "recurrence_end_date": null,
    "parent_slot": null,
    "max_bookings": 1,
    "current_bookings": 0,
    "status": "available",
    "price_override": null,
    "notes": "",
    "created_at": "2025-12-09T19:41:22.588Z",
    "updated_at": "2025-12-09T19:41:22.588Z"
  }
},
{
  "model": "bookings.availabilityslot",
  "pk": 117,
  "fields": {
    "coach": 5,
    "session_type": 3,
    "date": "2025-12-18",
    "start_time": "10:30:00",
    "end_time": "11:30:00",
    "recurrence": "none",
    "recurrence_end_date": null,
    "parent_slot": null,
    "max_bookings": 1,
    "current_bookings": 0,
    "status": "available",
    "price_override": null,
    "notes": "",
    "created_at": "2025-12-09T19:41:22.589Z",
    "updated_at": "2025-12-09T19:41:22.589Z"
  }
},
{
  "model": "bookings.availabilityslot",
  "pk": 118,
  "fields": {
    "coach": 5,
    "session_type": 2,
    "date": "2025-12-18",
    "start_time": "14:00:00",
    "end_time": "15:00:00",
    "recurrence": "none",
    "recurrence_end_date": null,
    "parent_slot": null,
    "max_bookings": 4,
    "current_bookings": 0,
    "status": "available",
    "price_override": null,
    "notes": "",
    "created_at": "2025-12-09T19:41:22.591Z",
    "updated_at": "2025-12-09T19:41:22.591Z"
  }
},
{
  "model": "bookings.availabilityslot",
  "pk": 119,
  "fields": {
    "coach": 5,
    "session_type": 1,
    "date": "2025-12-18",
    "start_time": "15:30:00",
    "end_time": "16:30:00",
    "recurrence": "none",
    "recurrence_end_date": null,
    "parent_slot": null,
    "max_bookings": 1,
    "current_bookings": 0,
    "status": "available",
    "price_override": null,
    "notes": "",
    "created_at": "2025-12-09T19:41:22.592Z",
    "updated_at": "2025-12-09T19:41:22.592Z"
  }
},
{
  "model": "bookings.availabilityslot",
  "pk": 120,
  "fields": {
    "coach": 5,
    "session_type": 3,
    "date": "2025-12-18",
    "start_time": "17:00:00",
    "end_time": "18:00:00",
    "recurrence": "none",
    "recurrence_end_date": null,
    "parent_slot": null,
    "max_bookings": 1,
    "current_bookings": 0,
    "status": "available",
    "price_override": null,
    "notes": "",
    "created_at": "2025-12-09T19:41:22.594Z",
    "updated_at": "2025-12-09T19:41:22.594Z"
  }
},
{
  "model": "bookings.availabilityslot",
  "pk": 121,
  "fields": {
    "coach": 5,
    "session_type": 2,
    "date": "2025-12-18",
    "start_time": "18:30:00",
    "end_time": "19:30:00",
    "recurrence": "none",
    "recurrence_end_date": null,
    "parent_slot": null,
    "max_bookings": 4,
    "current_bookings": 0,
    "status": "available",
    "price_override": null,
    "notes": "",
    "created_at": "2025-12-09T19:41:22.595Z",
    "updated_at": "2025-12-09T19:41:22.595Z"
  }
},
{
  "model": "bookings.availabilityslot",
  "pk": 122,
  "fields": {
    "coach": 5,
    "session_type": 1,
    "date": "2025-12-19",
    "start_time": "09:00:00",
    "end_time": "10:00:00",
    "recurrence": "none",
    "recurrence_end_date": null,
    "parent_slot": null,
    "max_bookings": 1,
    "current_bookings": 0,
    "status": "available",
    "price_override": null,
    "notes": "",
    "created_at": "2025-12-09T19:41:22.597Z",
    "updated_at": "2025-12-09T19:41:22.597Z"
  }
},
{
  "model": "bookings.availabilityslot",
  "pk": 123,
  "fields": {
    "coach": 5,
    "session_type": 3,
    "date": "2025-12-19",
    "start_time": "10:30:00",
    "end_time": "11:30:00",
    "recurrence": "none",
    "recurrence_end_date": null,
    "parent_slot": null,
    "max_bookings": 1,
    "current_bookings": 0,
    "status": "available",
    "price_override": null,
    "notes": "",
    "created_at": "2025-12-09T19:41:22.598Z",
    "updated_at": "2025-12-09T19:41:22.598Z"
  }
},
{
  "model": "bookings.availabilityslot",
  "pk": 124,
  "fields": {
    "coach": 5,
    "session_type": 2,
    "date": "2025-12-19",
    "start_time": "14:00:00",
    "end_time": "15:00:00",
    "recurrence": "none",
    "recurrence_end_date": null,
    "parent_slot": null,
    "max_bookings": 4,
    "current_bookings": 0,
    "status": "available",
    "price_override": null,
    "notes": "",
    "created_at": "2025-12-09T19:41:22.600Z",
    "updated_at": "2025-12-09T19:41:22.600Z"
  }
},
{
  "model": "bookings.availabilityslot",
  "pk": 125,
  "fields": {
    "coach": 5,
    "session_type": 1,
    "date": "2025-12-19",
    "start_time": "15:30:00",
    "end_time": "16:30:00",
    "recurrence": "none",
    "recurrence_end_date": null,
    "parent_slot": null,
    "max_bookings": 1,
    "current_bookings": 0,
    "status": "available",
    "price_override": null,
    "notes": "",
    "created_at": "2025-12-09T19:41:22.601Z",
    "updated_at": "2025-12-09T19:41:22.601Z"
  }
},
{
  "model": "bookings.availabilityslot",
  "pk": 126,
  "fields": {
    "coach": 5,
    "session_type": 3,
    "date": "2025-12-19",
    "start_time": "17:00:00",
    "end_time": "18:00:00",
    "recurrence": "none",
    "recurrence_end_date": null,
    "parent_slot": null,
    "max_bookings": 1,
    "current_bookings": 0,
    "status": "available",
    "price_override": null,
    "notes": "",
    "created_at": "2025-12-09T19:41:22.603Z",
    "updated_at": "2025-12-09T19:41:22.603Z"
  }
},
{
  "model": "bookings.availabilityslot",
  "pk": 127,
  "fields": {
    "coach": 5,
    "session_type": 2,
    "date": "2025-12-19",
    "start_time": "18:30:00",
    "end_time": "19:30:00",
    "recurrence": "none",
    "recurrence_end_date": null,
    "parent_slot": null,
    "max_bookings": 4,
    "current_bookings": 0,
    "status": "available",
    "price_override": null,
    "notes": "",
    "created_at": "2025-12-09T19:41:22.604Z",
    "updated_at": "2025-12-09T19:41:22.604Z"
  }
},
{
  "model": "bookings.availabilityslot",
  "pk": 128,
  "fields": {
    "coach": 5,
    "session_type": 1,
    "date": "2025-12-20",
    "start_time": "09:00:00",
    "end_time": "10:00:00",
    "recurrence": "none",
    "recurrence_end_date": null,
    "parent_slot": null,
    "max_bookings": 1,
    "current_bookings": 0,
    "status": "available",
    "price_override": null,
    "notes": "",
    "created_at": "2025-12-09T19:41:22.606Z",
    "updated_at": "2025-12-09T19:41:22.606Z"
  }
},
{
  "model": "bookings.availabilityslot",
  "pk": 129,
  "fields": {
    "coach": 5,
    "session_type": 3,
    "date": "2025-12-20",
    "start_time": "10:30:00",
    "end_time": "11:30:00",
    "recurrence": "none",
    "recurrence_end_date": null,
    "parent_slot": null,
    "max_bookings": 1,
    "current_bookings": 0,
    "status": "available",
    "price_override": null,
    "notes": "",
    "created_at": "2025-12-09T19:41:22.607Z",
    "updated_at": "2025-12-09T19:41:22.607Z"
  }
},
{
  "model": "bookings.availabilityslot",
  "pk": 130,
  "fields": {
    "coach": 5,
    "session_type": 2,
    "date": "2025-12-20",
    "start_time": "14:00:00",
    "end_time": "15:00:00",
    "recurrence": "none",
    "recurrence_end_date": null,
    "parent_slot": null,
    "max_bookings": 4,
    "current_bookings": 0,
    "status": "available",
    "price_override": null,
    "notes": "",
    "created_at": "2025-12-09T19:41:22.609Z",
    "updated_at": "2025-12-09T19:41:22.609Z"
  }
},
{
  "model": "bookings.availabilityslot",
  "pk": 131,
  "fields": {
    "coach": 5,
    "session_type": 1,
    "date": "2025-12-20",
    "start_time": "15:30:00",
    "end_time": "16:30:00",
    "recurrence": "none",
    "recurrence_end_date": null,
    "parent_slot": null,
    "max_bookings": 1,
    "current_bookings": 0,
    "status": "available",
    "price_override": null,
    "notes": "",
    "created_at": "2025-12-09T19:41:22.610Z",
    "updated_at": "2025-12-09T19:41:22.610Z"
  }
},
{
  "model": "bookings.availabilityslot",
  "pk": 132,
  "fields": {
    "coach": 5,
    "session_type": 3,
    "date": "2025-12-20",
    "start_time": "17:00:00",
    "end_time": "18:00:00",
    "recurrence": "none",
    "recurrence_end_date": null,
    "parent_slot": null,
    "max_bookings": 1,
    "current_bookings": 0,
    "status": "available",
    "price_override": null,
    "notes": "",
    "created_at": "2025-12-09T19:41:22.612Z",
    "updated_at": "2025-12-09T19:41:22.612Z"
  }
},
{
  "model": "bookings.availabilityslot",
  "pk": 133,
  "fields": {
    "coach": 5,
    "session_type": 2,
    "date": "2025-12-20",
    "start_time": "18:30:00",
    "end_time": "19:30:00",
    "recurrence": "none",
    "recurrence_end_date": null,
    "parent_slot": null,
    "max_bookings": 4,
    "current_bookings": 0,
    "status": "available",
    "price_override": null,
    "notes": "",
    "created_at": "2025-12-09T19:41:22.613Z",
    "updated_at": "2025-12-09T19:41:22.613Z"
  }
},
{
  "model": "bookings.availabilityslot",
  "pk": 134,
  "fields": {
    "coach": 5,
    "session_type": 1,
    "date": "2025-12-22",
    "start_time": "09:00:00",
    "end_time": "10:00:00",
    "recurrence": "none",
    "recurrence_end_date": null,
    "parent_slot": null,
    "max_bookings": 1,
    "current_bookings": 0,
    "status": "available",
    "price_override": null,
    "notes": "",
    "created_at": "2025-12-09T19:41:22.614Z",
    "updated_at": "2025-12-09T19:41:22.614Z"
  }
},
{
  "model": "bookings.availabilityslot",
  "pk": 135,
  "fields": {
    "coach": 5,
    "session_type": 3,
    "date": "2025-12-22",
    "start_time": "10:30:00",
    "end_time": "11:30:00",
    "recurrence": "none",
    "recurrence_end_date": null,
    "parent_slot": null,
    "max_bookings": 1,
    "current_bookings": 0,
    "status": "available",
    "price_override": null,
    "notes": "",
    "created_at": "2025-12-09T19:41:22.616Z",
    "updated_at": "2025-12-09T19:41:22.616Z"
  }
},
{
  "model": "bookings.availabilityslot",
  "pk": 136,
  "fields": {
    "coach": 5,
    "session_type": 2,
    "date": "2025-12-22",
    "start_time": "14:00:00",
    "end_time": "15:00:00",
    "recurrence": "none",
    "recurrence_end_date": null,
    "parent_slot": null,
    "max_bookings": 4,
    "current_bookings": 0,
    "status": "available",
    "price_override": null,
    "notes": "",
    "created_at": "2025-12-09T19:41:22.618Z",
    "updated_at": "2025-12-09T19:41:22.618Z"
  }
},
{
  "model": "bookings.availabilityslot",
  "pk": 137,
  "fields": {
    "coach": 5,
    "session_type": 1,
    "date": "2025-12-22",
    "start_time": "15:30:00",
    "end_time": "16:30:00",
    "recurrence": "none",
    "recurrence_end_date": null,
    "parent_slot": null,
    "max_bookings": 1,
    "current_bookings": 0,
    "status": "available",
    "price_override": null,
    "notes": "",
    "created_at": "2025-12-09T19:41:22.619Z",
    "updated_at": "2025-12-09T19:41:22.619Z"
  }
},
{
  "model": "bookings.availabilityslot",
  "pk": 138,
  "fields": {
    "coach": 5,
    "session_type": 3,
    "date": "2025-12-22",
    "start_time": "17:00:00",
    "end_time": "18:00:00",
    "recurrence": "none",
    "recurrence_end_date": null,
    "parent_slot": null,
    "max_bookings": 1,
    "current_bookings": 0,
    "status": "available",
    "price_override": null,
    "notes": "",
    "created_at": "2025-12-09T19:41:22.621Z",
    "updated_at": "2025-12-09T19:41:22.621Z"
  }
},
{
  "model": "bookings.availabilityslot",
  "pk": 139,
  "fields": {
    "coach": 5,
    "session_type": 2,
    "date": "2025-12-22",
    "start_time": "18:30:00",
    "end_time": "19:30:00",
    "recurrence": "none",
    "recurrence_end_date": null,
    "parent_slot": null,
    "max_bookings": 4,
    "current_bookings": 0,
    "status": "available",
    "price_override": null,
    "notes": "",
    "created_at": "2025-12-09T19:41:22.622Z",
    "updated_at": "2025-12-09T19:41:22.622Z"
  }
},
{
  "model": "bookings.availabilityslot",
  "pk": 140,
  "fields": {
    "coach": 5,
    "session_type": 1,
    "date": "2025-12-23",
    "start_time": "09:00:00",
    "end_time": "10:00:00",
    "recurrence": "none",
    "recurrence_end_date": null,
    "parent_slot": null,
    "max_bookings": 1,
    "current_bookings": 0,
    "status": "available",
    "price_override": null,
    "notes": "",
    "created_at": "2025-12-09T19:41:22.624Z",
    "updated_at": "2025-12-09T19:41:22.624Z"
  }
},
{
  "model": "bookings.availabilityslot",
  "pk": 141,
  "fields": {
    "coach": 5,
    "session_type": 3,
    "date": "2025-12-23",
    "start_time": "10:30:00",
    "end_time": "11:30:00",
    "recurrence": "none",
    "recurrence_end_date": null,
    "parent_slot": null,
    "max_bookings": 1,
    "current_bookings": 0,
    "status": "available",
    "price_override": null,
    "notes": "",
    "created_at": "2025-12-09T19:41:22.625Z",
    "updated_at": "2025-12-09T19:41:22.625Z"
  }
},
{
  "model": "bookings.availabilityslot",
  "pk": 142,
  "fields": {
    "coach": 5,
    "session_type": 2,
    "date": "2025-12-23",
    "start_time": "14:00:00",
    "end_time": "15:00:00",
    "recurrence": "none",
    "recurrence_end_date": null,
    "parent_slot": null,
    "max_bookings": 4,
    "current_bookings": 0,
    "status": "available",
    "price_override": null,
    "notes": "",
    "created_at": "2025-12-09T19:41:22.627Z",
    "updated_at": "2025-12-09T19:41:22.627Z"
  }
},
{
  "model": "bookings.availabilityslot",
  "pk": 143,
  "fields": {
    "coach": 5,
    "session_type": 1,
    "date": "2025-12-23",
    "start_time": "15:30:00",
    "end_time": "16:30:00",
    "recurrence": "none",
    "recurrence_end_date": null,
    "parent_slot": null,
    "max_bookings": 1,
    "current_bookings": 0,
    "status": "available",
    "price_override": null,
    "notes": "",
    "created_at": "2025-12-09T19:41:22.629Z",
    "updated_at": "2025-12-09T19:41:22.629Z"
  }
},
{
  "model": "bookings.availabilityslot",
  "pk": 144,
  "fields": {
    "coach": 5,
    "session_type": 3,
    "date": "2025-12-23",
    "start_time": "17:00:00",
    "end_time": "18:00:00",
    "recurrence": "none",
    "recurrence_end_date": null,
    "parent_slot": null,
    "max_bookings": 1,
    "current_bookings": 0,
    "status": "available",
    "price_override": null,
    "notes": "",
    "created_at": "2025-12-09T19:41:22.631Z",
    "updated_at": "2025-12-09T19:41:22.631Z"
  }
},
{
  "model": "bookings.availabilityslot",
  "pk": 145,
  "fields": {
    "coach": 5,
    "session_type": 2,
    "date": "2025-12-23",
    "start_time": "18:30:00",
    "end_time": "19:30:00",
    "recurrence": "none",
    "recurrence_end_date": null,
    "parent_slot": null,
    "max_bookings": 4,
    "current_bookings": 0,
    "status": "available",
    "price_override": null,
    "notes": "",
    "created_at": "2025-12-09T19:41:22.633Z",
    "updated_at": "2025-12-09T19:41:22.633Z"
  }
},
{
  "model": "bookings.availabilityslot",
  "pk": 146,
  "fields": {
    "coach": 1,
    "session_type": 1,
    "date": "2025-12-10",
    "start_time": "09:00:00",
    "end_time": "10:00:00",
    "recurrence": "none",
    "recurrence_end_date": null,
    "parent_slot": null,
    "max_bookings": 1,
    "current_bookings": 0,
    "status": "available",
    "price_override": null,
    "notes": "",
    "created_at": "2025-12-09T19:41:22.634Z",
    "updated_at": "2025-12-09T19:41:22.634Z"
  }
},
{
  "model": "bookings.availabilityslot",
  "pk": 147,
  "fields": {
    "coach": 1,
    "session_type": 3,
    "date": "2025-12-10",
    "start_time": "10:30:00",
    "end_time": "11:30:00",
    "recurrence": "none",
    "recurrence_end_date": null,
    "parent_slot": null,
    "max_bookings": 1,
    "current_bookings": 0,
    "status": "available",
    "price_override": null,
    "notes": "",
    "created_at": "2025-12-09T19:41:22.635Z",
    "updated_at": "2025-12-09T19:41:22.636Z"
  }
},
{
  "model": "bookings.availabilityslot",
  "pk": 148,
  "fields": {
    "coach": 1,
    "session_type": 2,
    "date": "2025-12-10",
    "start_time": "14:00:00",
    "end_time": "15:00:00",
    "recurrence": "none",
    "recurrence_end_date": null,
    "parent_slot": null,
    "max_bookings": 4,
    "current_bookings": 0,
    "status": "available",
    "price_override": null,
    "notes": "",
    "created_at": "2025-12-09T19:41:22.637Z",
    "updated_at": "2025-12-09T19:41:22.637Z"
  }
},
{
  "model": "bookings.availabilityslot",
  "pk": 149,
  "fields": {
    "coach": 1,
    "session_type": 1,
    "date": "2025-12-10",
    "start_time": "15:30:00",
    "end_time": "16:30:00",
    "recurrence": "none",
    "recurrence_end_date": null,
    "parent_slot": null,
    "max_bookings": 1,
    "current_bookings": 0,
    "status": "available",
    "price_override": null,
    "notes": "",
    "created_at": "2025-12-09T19:41:22.639Z",
    "updated_at": "2025-12-09T19:41:22.639Z"
  }
},
{
  "model": "bookings.availabilityslot",
  "pk": 150,
  "fields": {
    "coach": 1,
    "session_type": 3,
    "date": "2025-12-10",
    "start_time": "17:00:00",
    "end_time": "18:00:00",
    "recurrence": "none",
    "recurrence_end_date": null,
    "parent_slot": null,
    "max_bookings": 1,
    "current_bookings": 0,
    "status": "available",
    "price_override": null,
    "notes": "",
    "created_at": "2025-12-09T19:41:22.640Z",
    "updated_at": "2025-12-09T19:41:22.640Z"
  }
},
{
  "model": "bookings.availabilityslot",
  "pk": 151,
  "fields": {
    "coach": 1,
    "session_type": 2,
    "date": "2025-12-10",
    "start_time": "18:30:00",
    "end_time": "19:30:00",
    "recurrence": "none",
    "recurrence_end_date": null,
    "parent_slot": null,
    "max_bookings": 4,
    "current_bookings": 0,
    "status": "available",
    "price_override": null,
    "notes": "",
    "created_at": "2025-12-09T19:41:22.642Z",
    "updated_at": "2025-12-09T19:41:22.642Z"
  }
},
{
  "model": "bookings.availabilityslot",
  "pk": 152,
  "fields": {
    "coach": 1,
    "session_type": 1,
    "date": "2025-12-11",
    "start_time": "09:00:00",
    "end_time": "10:00:00",
    "recurrence": "none",
    "recurrence_end_date": null,
    "parent_slot": null,
    "max_bookings": 1,
    "current_bookings": 0,
    "status": "available",
    "price_override": null,
    "notes": "",
    "created_at": "2025-12-09T19:41:22.643Z",
    "updated_at": "2025-12-09T19:41:22.643Z"
  }
},
{
  "model": "bookings.availabilityslot",
  "pk": 153,
  "fields": {
    "coach": 1,
    "session_type": 3,
    "date": "2025-12-11",
    "start_time": "10:30:00",
    "end_time": "11:30:00",
    "recurrence": "none",
    "recurrence_end_date": null,
    "parent_slot": null,
    "max_bookings": 1,
    "current_bookings": 0,
    "status": "available",
    "price_override": null,
    "notes": "",
    "created_at": "2025-12-09T19:41:22.645Z",
    "updated_at": "2025-12-09T19:41:22.645Z"
  }
},
{
  "model": "bookings.availabilityslot",
  "pk": 154,
  "fields": {
    "coach": 1,
    "session_type": 2,
    "date": "2025-12-11",
    "start_time": "14:00:00",
    "end_time": "15:00:00",
    "recurrence": "none",
    "recurrence_end_date": null,
    "parent_slot": null,
    "max_bookings": 4,
    "current_bookings": 0,
    "status": "available",
    "price_override": null,
    "notes": "",
    "created_at": "2025-12-09T19:41:22.647Z",
    "updated_at": "2025-12-09T19:41:22.647Z"
  }
},
{
  "model": "bookings.availabilityslot",
  "pk": 155,
  "fields": {
    "coach": 1,
    "session_type": 1,
    "date": "2025-12-11",
    "start_time": "15:30:00",
    "end_time": "16:30:00",
    "recurrence": "none",
    "recurrence_end_date": null,
    "parent_slot": null,
    "max_bookings": 1,
    "current_bookings": 0,
    "status": "available",
    "price_override": null,
    "notes": "",
    "created_at": "2025-12-09T19:41:22.648Z",
    "updated_at": "2025-12-09T19:41:22.648Z"
  }
},
{
  "model": "bookings.availabilityslot",
  "pk": 156,
  "fields": {
    "coach": 1,
    "session_type": 3,
    "date": "2025-12-11",
    "start_time": "17:00:00",
    "end_time": "18:00:00",
    "recurrence": "none",
    "recurrence_end_date": null,
    "parent_slot": null,
    "max_bookings": 1,
    "current_bookings": 0,
    "status": "available",
    "price_override": null,
    "notes": "",
    "created_at": "2025-12-09T19:41:22.650Z",
    "updated_at": "2025-12-09T19:41:22.650Z"
  }
},
{
  "model": "bookings.availabilityslot",
  "pk": 157,
  "fields": {
    "coach": 1,
    "session_type": 2,
    "date": "2025-12-11",
    "start_time": "18:30:00",
    "end_time": "19:30:00",
    "recurrence": "none",
    "recurrence_end_date": null,
    "parent_slot": null,
    "max_bookings": 4,
    "current_bookings": 0,
    "status": "available",
    "price_override": null,
    "notes": "",
    "created_at": "2025-12-09T19:41:22.651Z",
    "updated_at": "2025-12-09T19:41:22.651Z"
  }
},
{
  "model": "bookings.availabilityslot",
  "pk": 158,
  "fields": {
    "coach": 1,
    "session_type": 1,
    "date": "2025-12-12",
    "start_time": "09:00:00",
    "end_time": "10:00:00",
    "recurrence": "none",
    "recurrence_end_date": null,
    "parent_slot": null,
    "max_bookings": 1,
    "current_bookings": 0,
    "status": "available",
    "price_override": null,
    "notes": "",
    "created_at": "2025-12-09T19:41:22.653Z",
    "updated_at": "2025-12-09T19:41:22.653Z"
  }
},
{
  "model": "bookings.availabilityslot",
  "pk": 159,
  "fields": {
    "coach": 1,
    "session_type": 3,
    "date": "2025-12-12",
    "start_time": "10:30:00",
    "end_time": "11:30:00",
    "recurrence": "none",
    "recurrence_end_date": null,
    "parent_slot": null,
    "max_bookings": 1,
    "current_bookings": 0,
    "status": "available",
    "price_override": null,
    "notes": "",
    "created_at": "2025-12-09T19:41:22.654Z",
    "updated_at": "2025-12-09T19:41:22.654Z"
  }
},
{
  "model": "bookings.availabilityslot",
  "pk": 160,
  "fields": {
    "coach": 1,
    "session_type": 2,
    "date": "2025-12-12",
    "start_time": "14:00:00",
    "end_time": "15:00:00",
    "recurrence": "none",
    "recurrence_end_date": null,
    "parent_slot": null,
    "max_bookings": 4,
    "current_bookings": 0,
    "status": "available",
    "price_override": null,
    "notes": "",
    "created_at": "2025-12-09T19:41:22.656Z",
    "updated_at": "2025-12-09T19:41:22.656Z"
  }
},
{
  "model": "bookings.availabilityslot",
  "pk": 161,
  "fields": {
    "coach": 1,
    "session_type": 1,
    "date": "2025-12-12",
    "start_time": "15:30:00",
    "end_time": "16:30:00",
    "recurrence": "none",
    "recurrence_end_date": null,
    "parent_slot": null,
    "max_bookings": 1,
    "current_bookings": 0,
    "status": "available",
    "price_override": null,
    "notes": "",
    "created_at": "2025-12-09T19:41:22.657Z",
    "updated_at": "2025-12-09T19:41:22.657Z"
  }
},
{
  "model": "bookings.availabilityslot",
  "pk": 162,
  "fields": {
    "coach": 1,
    "session_type": 3,
    "date": "2025-12-12",
    "start_time": "17:00:00",
    "end_time": "18:00:00",
    "recurrence": "none",
    "recurrence_end_date": null,
    "parent_slot": null,
    "max_bookings": 1,
    "current_bookings": 0,
    "status": "available",
    "price_override": null,
    "notes": "",
    "created_at": "2025-12-09T19:41:22.659Z",
    "updated_at": "2025-12-09T19:41:22.659Z"
  }
},
{
  "model": "bookings.availabilityslot",
  "pk": 163,
  "fields": {
    "coach": 1,
    "session_type": 2,
    "date": "2025-12-12",
    "start_time": "18:30:00",
    "end_time": "19:30:00",
    "recurrence": "none",
    "recurrence_end_date": null,
    "parent_slot": null,
    "max_bookings": 4,
    "current_bookings": 0,
    "status": "available",
    "price_override": null,
    "notes": "",
    "created_at": "2025-12-09T19:41:22.660Z",
    "updated_at": "2025-12-09T19:41:22.660Z"
  }
},
{
  "model": "bookings.availabilityslot",
  "pk": 164,
  "fields": {
    "coach": 1,
    "session_type": 1,
    "date": "2025-12-13",
    "start_time": "09:00:00",
    "end_time": "10:00:00",
    "recurrence": "none",
    "recurrence_end_date": null,
    "parent_slot": null,
    "max_bookings": 1,
    "current_bookings": 0,
    "status": "available",
    "price_override": null,
    "notes": "",
    "created_at": "2025-12-09T19:41:22.663Z",
    "updated_at": "2025-12-09T19:41:22.663Z"
  }
},
{
  "model": "bookings.availabilityslot",
  "pk": 165,
  "fields": {
    "coach": 1,
    "session_type": 3,
    "date": "2025-12-13",
    "start_time": "10:30:00",
    "end_time": "11:30:00",
    "recurrence": "none",
    "recurrence_end_date": null,
    "parent_slot": null,
    "max_bookings": 1,
    "current_bookings": 0,
    "status": "available",
    "price_override": null,
    "notes": "",
    "created_at": "2025-12-09T19:41:22.665Z",
    "updated_at": "2025-12-09T19:41:22.665Z"
  }
},
{
  "model": "bookings.availabilityslot",
  "pk": 166,
  "fields": {
    "coach": 1,
    "session_type": 2,
    "date": "2025-12-13",
    "start_time": "14:00:00",
    "end_time": "15:00:00",
    "recurrence": "none",
    "recurrence_end_date": null,
    "parent_slot": null,
    "max_bookings": 4,
    "current_bookings": 0,
    "status": "available",
    "price_override": null,
    "notes": "",
    "created_at": "2025-12-09T19:41:22.666Z",
    "updated_at": "2025-12-09T19:41:22.666Z"
  }
},
{
  "model": "bookings.availabilityslot",
  "pk": 167,
  "fields": {
    "coach": 1,
    "session_type": 1,
    "date": "2025-12-13",
    "start_time": "15:30:00",
    "end_time": "16:30:00",
    "recurrence": "none",
    "recurrence_end_date": null,
    "parent_slot": null,
    "max_bookings": 1,
    "current_bookings": 0,
    "status": "available",
    "price_override": null,
    "notes": "",
    "created_at": "2025-12-09T19:41:22.668Z",
    "updated_at": "2025-12-09T19:41:22.668Z"
  }
},
{
  "model": "bookings.availabilityslot",
  "pk": 168,
  "fields": {
    "coach": 1,
    "session_type": 3,
    "date": "2025-12-13",
    "start_time": "17:00:00",
    "end_time": "18:00:00",
    "recurrence": "none",
    "recurrence_end_date": null,
    "parent_slot": null,
    "max_bookings": 1,
    "current_bookings": 0,
    "status": "available",
    "price_override": null,
    "notes": "",
    "created_at": "2025-12-09T19:41:22.669Z",
    "updated_at": "2025-12-09T19:41:22.669Z"
  }
},
{
  "model": "bookings.availabilityslot",
  "pk": 169,
  "fields": {
    "coach": 1,
    "session_type": 2,
    "date": "2025-12-13",
    "start_time": "18:30:00",
    "end_time": "19:30:00",
    "recurrence": "none",
    "recurrence_end_date": null,
    "parent_slot": null,
    "max_bookings": 4,
    "current_bookings": 0,
    "status": "available",
    "price_override": null,
    "notes": "",
    "created_at": "2025-12-09T19:41:22.671Z",
    "updated_at": "2025-12-09T19:41:22.671Z"
  }
},
{
  "model": "bookings.availabilityslot",
  "pk": 170,
  "fields": {
    "coach": 1,
    "session_type": 1,
    "date": "2025-12-15",
    "start_time": "09:00:00",
    "end_time": "10:00:00",
    "recurrence": "none",
    "recurrence_end_date": null,
    "parent_slot": null,
    "max_bookings": 1,
    "current_bookings": 0,
    "status": "available",
    "price_override": null,
    "notes": "",
    "created_at": "2025-12-09T19:41:22.673Z",
    "updated_at": "2025-12-09T19:41:22.673Z"
  }
},
{
  "model": "bookings.availabilityslot",
  "pk": 171,
  "fields": {
    "coach": 1,
    "session_type": 3,
    "date": "2025-12-15",
    "start_time": "10:30:00",
    "end_time": "11:30:00",
    "recurrence": "none",
    "recurrence_end_date": null,
    "parent_slot": null,
    "max_bookings": 1,
    "current_bookings": 0,
    "status": "available",
    "price_override": null,
    "notes": "",
    "created_at": "2025-12-09T19:41:22.675Z",
    "updated_at": "2025-12-09T19:41:22.675Z"
  }
},
{
  "model": "bookings.availabilityslot",
  "pk": 172,
  "fields": {
    "coach": 1,
    "session_type": 2,
    "date": "2025-12-15",
    "start_time": "14:00:00",
    "end_time": "15:00:00",
    "recurrence": "none",
    "recurrence_end_date": null,
    "parent_slot": null,
    "max_bookings": 4,
    "current_bookings": 0,
    "status": "available",
    "price_override": null,
    "notes": "",
    "created_at": "2025-12-09T19:41:22.676Z",
    "updated_at": "2025-12-09T19:41:22.676Z"
  }
},
{
  "model": "bookings.availabilityslot",
  "pk": 173,
  "fields": {
    "coach": 1,
    "session_type": 1,
    "date": "2025-12-15",
    "start_time": "15:30:00",
    "end_time": "16:30:00",
    "recurrence": "none",
    "recurrence_end_date": null,
    "parent_slot": null,
    "max_bookings": 1,
    "current_bookings": 0,
    "status": "available",
    "price_override": null,
    "notes": "",
    "created_at": "2025-12-09T19:41:22.678Z",
    "updated_at": "2025-12-09T19:41:22.678Z"
  }
},
{
  "model": "bookings.availabilityslot",
  "pk": 174,
  "fields": {
    "coach": 1,
    "session_type": 3,
    "date": "2025-12-15",
    "start_time": "17:00:00",
    "end_time": "18:00:00",
    "recurrence": "none",
    "recurrence_end_date": null,
    "parent_slot": null,
    "max_bookings": 1,
    "current_bookings": 0,
    "status": "available",
    "price_override": null,
    "notes": "",
    "created_at": "2025-12-09T19:41:22.680Z",
    "updated_at": "2025-12-09T19:41:22.680Z"
  }
},
{
  "model": "bookings.availabilityslot",
  "pk": 175,
  "fields": {
    "coach": 1,
    "session_type": 2,
    "date": "2025-12-15",
    "start_time": "18:30:00",
    "end_time": "19:30:00",
    "recurrence": "none",
    "recurrence_end_date": null,
    "parent_slot": null,
    "max_bookings": 4,
    "current_bookings": 0,
    "status": "available",
    "price_override": null,
    "notes": "",
    "created_at": "2025-12-09T19:41:22.681Z",
    "updated_at": "2025-12-09T19:41:22.681Z"
  }
},
{
  "model": "bookings.availabilityslot",
  "pk": 176,
  "fields": {
    "coach": 1,
    "session_type": 1,
    "date": "2025-12-16",
    "start_time": "09:00:00",
    "end_time": "10:00:00",
    "recurrence": "none",
    "recurrence_end_date": null,
    "parent_slot": null,
    "max_bookings": 1,
    "current_bookings": 0,
    "status": "available",
    "price_override": null,
    "notes": "",
    "created_at": "2025-12-09T19:41:22.683Z",
    "updated_at": "2025-12-09T19:41:22.683Z"
  }
},
{
  "model": "bookings.availabilityslot",
  "pk": 177,
  "fields": {
    "coach": 1,
    "session_type": 3,
    "date": "2025-12-16",
    "start_time": "10:30:00",
    "end_time": "11:30:00",
    "recurrence": "none",
    "recurrence_end_date": null,
    "parent_slot": null,
    "max_bookings": 1,
    "current_bookings": 0,
    "status": "available",
    "price_override": null,
    "notes": "",
    "created_at": "2025-12-09T19:41:22.684Z",
    "updated_at": "2025-12-09T19:41:22.684Z"
  }
},
{
  "model": "bookings.availabilityslot",
  "pk": 178,
  "fields": {
    "coach": 1,
    "session_type": 2,
    "date": "2025-12-16",
    "start_time": "14:00:00",
    "end_time": "15:00:00",
    "recurrence": "none",
    "recurrence_end_date": null,
    "parent_slot": null,
    "max_bookings": 4,
    "current_bookings": 0,
    "status": "available",
    "price_override": null,
    "notes": "",
    "created_at": "2025-12-09T19:41:22.686Z",
    "updated_at": "2025-12-09T19:41:22.686Z"
  }
},
{
  "model": "bookings.availabilityslot",
  "pk": 179,
  "fields": {
    "coach": 1,
    "session_type": 1,
    "date": "2025-12-16",
    "start_time": "15:30:00",
    "end_time": "16:30:00",
    "recurrence": "none",
    "recurrence_end_date": null,
    "parent_slot": null,
    "max_bookings": 1,
    "current_bookings": 0,
    "status": "available",
    "price_override": null,
    "notes": "",
    "created_at": "2025-12-09T19:41:22.687Z",
    "updated_at": "2025-12-09T19:41:22.687Z"
  }
},
{
  "model": "bookings.availabilityslot",
  "pk": 180,
  "fields": {
    "coach": 1,
    "session_type": 3,
    "date": "2025-12-16",
    "start_time": "17:00:00",
    "end_time": "18:00:00",
    "recurrence": "none",
    "recurrence_end_date": null,
    "parent_slot": null,
    "max_bookings": 1,
    "current_bookings": 0,
    "status": "available",
    "price_override": null,
    "notes": "",
    "created_at": "2025-12-09T19:41:22.689Z",
    "updated_at": "2025-12-09T19:41:22.689Z"
  }
},
{
  "model": "bookings.availabilityslot",
  "pk": 181,
  "fields": {
    "coach": 1,
    "session_type": 2,
    "date": "2025-12-16",
    "start_time": "18:30:00",
    "end_time": "19:30:00",
    "recurrence": "none",
    "recurrence_end_date": null,
    "parent_slot": null,
    "max_bookings": 4,
    "current_bookings": 0,
    "status": "available",
    "price_override": null,
    "notes": "",
    "created_at": "2025-12-09T19:41:22.690Z",
    "updated_at": "2025-12-09T19:41:22.690Z"
  }
},
{
  "model": "bookings.availabilityslot",
  "pk": 182,
  "fields": {
    "coach": 1,
    "session_type": 1,
    "date": "2025-12-17",
    "start_time": "09:00:00",
    "end_time": "10:00:00",
    "recurrence": "none",
    "recurrence_end_date": null,
    "parent_slot": null,
    "max_bookings": 1,
    "current_bookings": 0,
    "status": "available",
    "price_override": null,
    "notes": "",
    "created_at": "2025-12-09T19:41:22.692Z",
    "updated_at": "2025-12-09T19:41:22.692Z"
  }
},
{
  "model": "bookings.availabilityslot",
  "pk": 183,
  "fields": {
    "coach": 1,
    "session_type": 3,
    "date": "2025-12-17",
    "start_time": "10:30:00",
    "end_time": "11:30:00",
    "recurrence": "none",
    "recurrence_end_date": null,
    "parent_slot": null,
    "max_bookings": 1,
    "current_bookings": 0,
    "status": "available",
    "price_override": null,
    "notes": "",
    "created_at": "2025-12-09T19:41:22.694Z",
    "updated_at": "2025-12-09T19:41:22.694Z"
  }
},
{
  "model": "bookings.availabilityslot",
  "pk": 184,
  "fields": {
    "coach": 1,
    "session_type": 2,
    "date": "2025-12-17",
    "start_time": "14:00:00",
    "end_time": "15:00:00",
    "recurrence": "none",
    "recurrence_end_date": null,
    "parent_slot": null,
    "max_bookings": 4,
    "current_bookings": 0,
    "status": "available",
    "price_override": null,
    "notes": "",
    "created_at": "2025-12-09T19:41:22.695Z",
    "updated_at": "2025-12-09T19:41:22.695Z"
  }
},
{
  "model": "bookings.availabilityslot",
  "pk": 185,
  "fields": {
    "coach": 1,
    "session_type": 1,
    "date": "2025-12-17",
    "start_time": "15:30:00",
    "end_time": "16:30:00",
    "recurrence": "none",
    "recurrence_end_date": null,
    "parent_slot": null,
    "max_bookings": 1,
    "current_bookings": 0,
    "status": "available",
    "price_override": null,
    "notes": "",
    "created_at": "2025-12-09T19:41:22.696Z",
    "updated_at": "2025-12-09T19:41:22.697Z"
  }
},
{
  "model": "bookings.availabilityslot",
  "pk": 186,
  "fields": {
    "coach": 1,
    "session_type": 3,
    "date": "2025-12-17",
    "start_time": "17:00:00",
    "end_time": "18:00:00",
    "recurrence": "none",
    "recurrence_end_date": null,
    "parent_slot": null,
    "max_bookings": 1,
    "current_bookings": 0,
    "status": "available",
    "price_override": null,
    "notes": "",
    "created_at": "2025-12-09T19:41:22.698Z",
    "updated_at": "2025-12-09T19:41:22.698Z"
  }
},
{
  "model": "bookings.availabilityslot",
  "pk": 187,
  "fields": {
    "coach": 1,
    "session_type": 2,
    "date": "2025-12-17",
    "start_time": "18:30:00",
    "end_time": "19:30:00",
    "recurrence": "none",
    "recurrence_end_date": null,
    "parent_slot": null,
    "max_bookings": 4,
    "current_bookings": 0,
    "status": "available",
    "price_override": null,
    "notes": "",
    "created_at": "2025-12-09T19:41:22.699Z",
    "updated_at": "2025-12-09T19:41:22.700Z"
  }
},
{
  "model": "bookings.availabilityslot",
  "pk": 188,
  "fields": {
    "coach": 1,
    "session_type": 1,
    "date": "2025-12-18",
    "start_time": "09:00:00",
    "end_time": "10:00:00",
    "recurrence": "none",
    "recurrence_end_date": null,
    "parent_slot": null,
    "max_bookings": 1,
    "current_bookings": 0,
    "status": "available",
    "price_override": null,
    "notes": "",
    "created_at": "2025-12-09T19:41:22.701Z",
    "updated_at": "2025-12-09T19:41:22.701Z"
  }
},
{
  "model": "bookings.availabilityslot",
  "pk": 189,
  "fields": {
    "coach": 1,
    "session_type": 3,
    "date": "2025-12-18",
    "start_time": "10:30:00",
    "end_time": "11:30:00",
    "recurrence": "none",
    "recurrence_end_date": null,
    "parent_slot": null,
    "max_bookings": 1,
    "current_bookings": 0,
    "status": "available",
    "price_override": null,
    "notes": "",
    "created_at": "2025-12-09T19:41:22.702Z",
    "updated_at": "2025-12-09T19:41:22.702Z"
  }
},
{
  "model": "bookings.availabilityslot",
  "pk": 190,
  "fields": {
    "coach": 1,
    "session_type": 2,
    "date": "2025-12-18",
    "start_time": "14:00:00",
    "end_time": "15:00:00",
    "recurrence": "none",
    "recurrence_end_date": null,
    "parent_slot": null,
    "max_bookings": 4,
    "current_bookings": 0,
    "status": "available",
    "price_override": null,
    "notes": "",
    "created_at": "2025-12-09T19:41:22.704Z",
    "updated_at": "2025-12-09T19:41:22.704Z"
  }
},
{
  "model": "bookings.availabilityslot",
  "pk": 191,
  "fields": {
    "coach": 1,
    "session_type": 1,
    "date": "2025-12-18",
    "start_time": "15:30:00",
    "end_time": "16:30:00",
    "recurrence": "none",
    "recurrence_end_date": null,
    "parent_slot": null,
    "max_bookings": 1,
    "current_bookings": 0,
    "status": "available",
    "price_override": null,
    "notes": "",
    "created_at": "2025-12-09T19:41:22.705Z",
    "updated_at": "2025-12-09T19:41:22.706Z"
  }
},
{
  "model": "bookings.availabilityslot",
  "pk": 192,
  "fields": {
    "coach": 1,
    "session_type": 3,
    "date": "2025-12-18",
    "start_time": "17:00:00",
    "end_time": "18:00:00",
    "recurrence": "none",
    "recurrence_end_date": null,
    "parent_slot": null,
    "max_bookings": 1,
    "current_bookings": 0,
    "status": "available",
    "price_override": null,
    "notes": "",
    "created_at": "2025-12-09T19:41:22.707Z",
    "updated_at": "2025-12-09T19:41:22.707Z"
  }
},
{
  "model": "bookings.availabilityslot",
  "pk": 193,
  "fields": {
    "coach": 1,
    "session_type": 2,
    "date": "2025-12-18",
    "start_time": "18:30:00",
    "end_time": "19:30:00",
    "recurrence": "none",
    "recurrence_end_date": null,
    "parent_slot": null,
    "max_bookings": 4,
    "current_bookings": 0,
    "status": "available",
    "price_override": null,
    "notes": "",
    "created_at": "2025-12-09T19:41:22.708Z",
    "updated_at": "2025-12-09T19:41:22.708Z"
  }
},
{
  "model": "bookings.availabilityslot",
  "pk": 194,
  "fields": {
    "coach": 1,
    "session_type": 1,
    "date": "2025-12-19",
    "start_time": "09:00:00",
    "end_time": "10:00:00",
    "recurrence": "none",
    "recurrence_end_date": null,
    "parent_slot": null,
    "max_bookings": 1,
    "current_bookings": 0,
    "status": "available",
    "price_override": null,
    "notes": "",
    "created_at": "2025-12-09T19:41:22.710Z",
    "updated_at": "2025-12-09T19:41:22.710Z"
  }
},
{
  "model": "bookings.availabilityslot",
  "pk": 195,
  "fields": {
    "coach": 1,
    "session_type": 3,
    "date": "2025-12-19",
    "start_time": "10:30:00",
    "end_time": "11:30:00",
    "recurrence": "none",
    "recurrence_end_date": null,
    "parent_slot": null,
    "max_bookings": 1,
    "current_bookings": 0,
    "status": "available",
    "price_override": null,
    "notes": "",
    "created_at": "2025-12-09T19:41:22.711Z",
    "updated_at": "2025-12-09T19:41:22.711Z"
  }
},
{
  "model": "bookings.availabilityslot",
  "pk": 196,
  "fields": {
    "coach": 1,
    "session_type": 2,
    "date": "2025-12-19",
    "start_time": "14:00:00",
    "end_time": "15:00:00",
    "recurrence": "none",
    "recurrence_end_date": null,
    "parent_slot": null,
    "max_bookings": 4,
    "current_bookings": 0,
    "status": "available",
    "price_override": null,
    "notes": "",
    "created_at": "2025-12-09T19:41:22.712Z",
    "updated_at": "2025-12-09T19:41:22.712Z"
  }
},
{
  "model": "bookings.availabilityslot",
  "pk": 197,
  "fields": {
    "coach": 1,
    "session_type": 1,
    "date": "2025-12-19",
    "start_time": "15:30:00",
    "end_time": "16:30:00",
    "recurrence": "none",
    "recurrence_end_date": null,
    "parent_slot": null,
    "max_bookings": 1,
    "current_bookings": 0,
    "status": "available",
    "price_override": null,
    "notes": "",
    "created_at": "2025-12-09T19:41:22.714Z",
    "updated_at": "2025-12-09T19:41:22.714Z"
  }
},
{
  "model": "bookings.availabilityslot",
  "pk": 198,
  "fields": {
    "coach": 1,
    "session_type": 3,
    "date": "2025-12-19",
    "start_time": "17:00:00",
    "end_time": "18:00:00",
    "recurrence": "none",
    "recurrence_end_date": null,
    "parent_slot": null,
    "max_bookings": 1,
    "current_bookings": 0,
    "status": "available",
    "price_override": null,
    "notes": "",
    "created_at": "2025-12-09T19:41:22.716Z",
    "updated_at": "2025-12-09T19:41:22.716Z"
  }
},
{
  "model": "bookings.availabilityslot",
  "pk": 199,
  "fields": {
    "coach": 1,
    "session_type": 2,
    "date": "2025-12-19",
    "start_time": "18:30:00",
    "end_time": "19:30:00",
    "recurrence": "none",
    "recurrence_end_date": null,
    "parent_slot": null,
    "max_bookings": 4,
    "current_bookings": 0,
    "status": "available",
    "price_override": null,
    "notes": "",
    "created_at": "2025-12-09T19:41:22.717Z",
    "updated_at": "2025-12-09T19:41:22.717Z"
  }
},
{
  "model": "bookings.availabilityslot",
  "pk": 200,
  "fields": {
    "coach": 1,
    "session_type": 1,
    "date": "2025-12-20",
    "start_time": "09:00:00",
    "end_time": "10:00:00",
    "recurrence": "none",
    "recurrence_end_date": null,
    "parent_slot": null,
    "max_bookings": 1,
    "current_bookings": 0,
    "status": "available",
    "price_override": null,
    "notes": "",
    "created_at": "2025-12-09T19:41:22.719Z",
    "updated_at": "2025-12-09T19:41:22.719Z"
  }
},
{
  "model": "bookings.availabilityslot",
  "pk": 201,
  "fields": {
    "coach": 1,
    "session_type": 3,
    "date": "2025-12-20",
    "start_time": "10:30:00",
    "end_time": "11:30:00",
    "recurrence": "none",
    "recurrence_end_date": null,
    "parent_slot": null,
    "max_bookings": 1,
    "current_bookings": 0,
    "status": "available",
    "price_override": null,
    "notes": "",
    "created_at": "2025-12-09T19:41:22.720Z",
    "updated_at": "2025-12-09T19:41:22.720Z"
  }
},
{
  "model": "bookings.availabilityslot",
  "pk": 202,
  "fields": {
    "coach": 1,
    "session_type": 2,
    "date": "2025-12-20",
    "start_time": "14:00:00",
    "end_time": "15:00:00",
    "recurrence": "none",
    "recurrence_end_date": null,
    "parent_slot": null,
    "max_bookings": 4,
    "current_bookings": 0,
    "status": "available",
    "price_override": null,
    "notes": "",
    "created_at": "2025-12-09T19:41:22.722Z",
    "updated_at": "2025-12-09T19:41:22.722Z"
  }
},
{
  "model": "bookings.availabilityslot",
  "pk": 203,
  "fields": {
    "coach": 1,
    "session_type": 1,
    "date": "2025-12-20",
    "start_time": "15:30:00",
    "end_time": "16:30:00",
    "recurrence": "none",
    "recurrence_end_date": null,
    "parent_slot": null,
    "max_bookings": 1,
    "current_bookings": 0,
    "status": "available",
    "price_override": null,
    "notes": "",
    "created_at": "2025-12-09T19:41:22.723Z",
    "updated_at": "2025-12-09T19:41:22.723Z"
  }
},
{
  "model": "bookings.availabilityslot",
  "pk": 204,
  "fields": {
    "coach": 1,
    "session_type": 3,
    "date": "2025-12-20",
    "start_time": "17:00:00",
    "end_time": "18:00:00",
    "recurrence": "none",
    "recurrence_end_date": null,
    "parent_slot": null,
    "max_bookings": 1,
    "current_bookings": 0,
    "status": "available",
    "price_override": null,
    "notes": "",
    "created_at": "2025-12-09T19:41:22.724Z",
    "updated_at": "2025-12-09T19:41:22.724Z"
  }
},
{
  "model": "bookings.availabilityslot",
  "pk": 205,
  "fields": {
    "coach": 1,
    "session_type": 2,
    "date": "2025-12-20",
    "start_time": "18:30:00",
    "end_time": "19:30:00",
    "recurrence": "none",
    "recurrence_end_date": null,
    "parent_slot": null,
    "max_bookings": 4,
    "current_bookings": 0,
    "status": "available",
    "price_override": null,
    "notes": "",
    "created_at": "2025-12-09T19:41:22.726Z",
    "updated_at": "2025-12-09T19:41:22.726Z"
  }
},
{
  "model": "bookings.availabilityslot",
  "pk": 206,
  "fields": {
    "coach": 1,
    "session_type": 1,
    "date": "2025-12-22",
    "start_time": "09:00:00",
    "end_time": "10:00:00",
    "recurrence": "none",
    "recurrence_end_date": null,
    "parent_slot": null,
    "max_bookings": 1,
    "current_bookings": 0,
    "status": "available",
    "price_override": null,
    "notes": "",
    "created_at": "2025-12-09T19:41:22.727Z",
    "updated_at": "2025-12-09T19:41:22.727Z"
  }
},
{
  "model": "bookings.availabilityslot",
  "pk": 207,
  "fields": {
    "coach": 1,
    "session_type": 3,
    "date": "2025-12-22",
    "start_time": "10:30:00",
    "end_time": "11:30:00",
    "recurrence": "none",
    "recurrence_end_date": null,
    "parent_slot": null,
    "max_bookings": 1,
    "current_bookings": 0,
    "status": "available",
    "price_override": null,
    "notes": "",
    "created_at": "2025-12-09T19:41:22.729Z",
    "updated_at": "2025-12-09T19:41:22.729Z"
  }
},
{
  "model": "bookings.availabilityslot",
  "pk": 208,
  "fields": {
    "coach": 1,
    "session_type": 2,
    "date": "2025-12-22",
    "start_time": "14:00:00",
    "end_time": "15:00:00",
    "recurrence": "none",
    "recurrence_end_date": null,
    "parent_slot": null,
    "max_bookings": 4,
    "current_bookings": 0,
    "status": "available",
    "price_override": null,
    "notes": "",
    "created_at": "2025-12-09T19:41:22.730Z",
    "updated_at": "2025-12-09T19:41:22.730Z"
  }
},
{
  "model": "bookings.availabilityslot",
  "pk": 209,
  "fields": {
    "coach": 1,
    "session_type": 1,
    "date": "2025-12-22",
    "start_time": "15:30:00",
    "end_time": "16:30:00",
    "recurrence": "none",
    "recurrence_end_date": null,
    "parent_slot": null,
    "max_bookings": 1,
    "current_bookings": 0,
    "status": "available",
    "price_override": null,
    "notes": "",
    "created_at": "2025-12-09T19:41:22.732Z",
    "updated_at": "2025-12-09T19:41:22.732Z"
  }
},
{
  "model": "bookings.availabilityslot",
  "pk": 210,
  "fields": {
    "coach": 1,
    "session_type": 3,
    "date": "2025-12-22",
    "start_time": "17:00:00",
    "end_time": "18:00:00",
    "recurrence": "none",
    "recurrence_end_date": null,
    "parent_slot": null,
    "max_bookings": 1,
    "current_bookings": 0,
    "status": "available",
    "price_override": null,
    "notes": "",
    "created_at": "2025-12-09T19:41:22.733Z",
    "updated_at": "2025-12-09T19:41:22.733Z"
  }
},
{
  "model": "bookings.availabilityslot",
  "pk": 211,
  "fields": {
    "coach": 1,
    "session_type": 2,
    "date": "2025-12-22",
    "start_time": "18:30:00",
    "end_time": "19:30:00",
    "recurrence": "none",
    "recurrence_end_date": null,
    "parent_slot": null,
    "max_bookings": 4,
    "current_bookings": 0,
    "status": "available",
    "price_override": null,
    "notes": "",
    "created_at": "2025-12-09T19:41:22.735Z",
    "updated_at": "2025-12-09T19:41:22.735Z"
  }
},
{
  "model": "bookings.availabilityslot",
  "pk": 212,
  "fields": {
    "coach": 1,
    "session_type": 1,
    "date": "2025-12-23",
    "start_time": "09:00:00",
    "end_time": "10:00:00",
    "recurrence": "none",
    "recurrence_end_date": null,
    "parent_slot": null,
    "max_bookings": 1,
    "current_bookings": 0,
    "status": "available",
    "price_override": null,
    "notes": "",
    "created_at": "2025-12-09T19:41:22.736Z",
    "updated_at": "2025-12-09T19:41:22.736Z"
  }
},
{
  "model": "bookings.availabilityslot",
  "pk": 213,
  "fields": {
    "coach": 1,
    "session_type": 3,
    "date": "2025-12-23",
    "start_time": "10:30:00",
    "end_time": "11:30:00",
    "recurrence": "none",
    "recurrence_end_date": null,
    "parent_slot": null,
    "max_bookings": 1,
    "current_bookings": 0,
    "status": "available",
    "price_override": null,
    "notes": "",
    "created_at": "2025-12-09T19:41:22.737Z",
    "updated_at": "2025-12-09T19:41:22.737Z"
  }
},
{
  "model": "bookings.availabilityslot",
  "pk": 214,
  "fields": {
    "coach": 1,
    "session_type": 2,
    "date": "2025-12-23",
    "start_time": "14:00:00",
    "end_time": "15:00:00",
    "recurrence": "none",
    "recurrence_end_date": null,
    "parent_slot": null,
    "max_bookings": 4,
    "current_bookings": 0,
    "status": "available",
    "price_override": null,
    "notes": "",
    "created_at": "2025-12-09T19:41:22.739Z",
    "updated_at": "2025-12-09T19:41:22.739Z"
  }
},
{
  "model": "bookings.availabilityslot",
  "pk": 215,
  "fields": {
    "coach": 1,
    "session_type": 1,
    "date": "2025-12-23",
    "start_time": "15:30:00",
    "end_time": "16:30:00",
    "recurrence": "none",
    "recurrence_end_date": null,
    "parent_slot": null,
    "max_bookings": 1,
    "current_bookings": 0,
    "status": "available",
    "price_override": null,
    "notes": "",
    "created_at": "2025-12-09T19:41:22.740Z",
    "updated_at": "2025-12-09T19:41:22.740Z"
  }
},
{
  "model": "bookings.availabilityslot",
  "pk": 216,
  "fields": {
    "coach": 1,
    "session_type": 3,
    "date": "2025-12-23",
    "start_time": "17:00:00",
    "end_time": "18:00:00",
    "recurrence": "none",
    "recurrence_end_date": null,
    "parent_slot": null,
    "max_bookings": 1,
    "current_bookings": 0,
    "status": "available",
    "price_override": null,
    "notes": "",
    "created_at": "2025-12-09T19:41:22.742Z",
    "updated_at": "2025-12-09T19:41:22.742Z"
  }
},
{
  "model": "bookings.availabilityslot",
  "pk": 217,
  "fields": {
    "coach": 1,
    "session_type": 2,
    "date": "2025-12-23",
    "start_time": "18:30:00",
    "end_time": "19:30:00",
    "recurrence": "none",
    "recurrence_end_date": null,
    "parent_slot": null,
    "max_bookings": 4,
    "current_bookings": 0,
    "status": "available",
    "price_override": null,
    "notes": "",
    "created_at": "2025-12-09T19:41:22.743Z",
    "updated_at": "2025-12-09T19:41:22.743Z"
  }
},
{
  "model": "bookings.booking",
  "pk": 29,
  "fields": {
    "client": 9,
    "player": 5,
    "coach": 4,
    "availability_slot": null,
    "session_type": 2,
    "client_package": null,
    "scheduled_date": "2025-12-04",
    "scheduled_time": "14:00:00",
    "duration_minutes": 60,
    "status": "completed",
    "payment_status": "paid",
    "amount_paid": "45.00",
    "cancellation_reason": null,
    "cancellation_notes": "",
    "cancelled_at": null,
    "cancelled_by": null,
    "rescheduled_from": null,
    "google_event_id": "",
    "calendar_synced": false,
    "client_notes": "",
    "coach_notes": "",
    "created_at": "2025-12-09T19:46:50.598Z",
    "updated_at": "2025-12-09T19:46:50.598Z",
    "confirmed_at": null,
    "completed_at": null
  }
},
{
  "model": "bookings.booking",
  "pk": 30,
  "fields": {
    "client": 6,
    "player": 8,
    "coach": 4,
    "availability_slot": null,
    "session_type": 4,
    "client_package": null,
    "scheduled_date": "2025-12-05",
    "scheduled_time": "10:00:00",
    "duration_minutes": 60,
    "status": "completed",
    "payment_status": "paid",
    "amount_paid": "40.00",
    "cancellation_reason": null,
    "cancellation_notes": "",
    "cancelled_at": null,
    "cancelled_by": null,
    "rescheduled_from": null,
    "google_event_id": "",
    "calendar_synced": false,
    "client_notes": "",
    "coach_notes": "",
    "created_at": "2025-12-09T19:46:50.601Z",
    "updated_at": "2025-12-09T19:46:50.601Z",
    "confirmed_at": null,
    "completed_at": null
  }
},
{
  "model": "bookings.booking",
  "pk": 31,
  "fields": {
    "client": 9,
    "player": 5,
    "coach": 4,
    "availability_slot": null,
    "session_type": 6,
    "client_package": null,
    "scheduled_date": "2025-12-06",
    "scheduled_time": "10:00:00",
    "duration_minutes": 60,
    "status": "completed",
    "payment_status": "paid",
    "amount_paid": "60.00",
    "cancellation_reason": null,
    "cancellation_notes": "",
    "cancelled_at": null,
    "cancelled_by": null,
    "rescheduled_from": null,
    "google_event_id": "",
    "calendar_synced": false,
    "client_notes": "",
    "coach_notes": "",
    "created_at": "2025-12-09T19:46:50.603Z",
    "updated_at": "2025-12-09T19:46:50.603Z",
    "confirmed_at": null,
    "completed_at": null
  }
},
{
  "model": "bookings.booking",
  "pk": 32,
  "fields": {
    "client": 8,
    "player": 6,
    "coach": 4,
    "availability_slot": null,
    "session_type": 1,
    "client_package": null,
    "scheduled_date": "2025-12-07",
    "scheduled_time": "11:00:00",
    "duration_minutes": 60,
    "status": "completed",
    "payment_status": "paid",
    "amount_paid": "75.00",
    "cancellation_reason": null,
    "cancellation_notes": "",
    "cancelled_at": null,
    "cancelled_by": null,
    "rescheduled_from": null,
    "google_event_id": "",
    "calendar_synced": false,
    "client_notes": "",
    "coach_notes": "",
    "created_at": "2025-12-09T19:46:50.605Z",
    "updated_at": "2025-12-09T19:46:50.605Z",
    "confirmed_at": null,
    "completed_at": null
  }
},
{
  "model": "bookings.booking",
  "pk": 33,
  "fields": {
    "client": 9,
    "player": 5,
    "coach": 4,
    "availability_slot": null,
    "session_type": 1,
    "client_package": null,
    "scheduled_date": "2025-12-08",
    "scheduled_time": "14:00:00",
    "duration_minutes": 60,
    "status": "completed",
    "payment_status": "paid",
    "amount_paid": "75.00",
    "cancellation_reason": null,
    "cancellation_notes": "",
    "cancelled_at": null,
    "cancelled_by": null,
    "rescheduled_from": null,
    "google_event_id": "",
    "calendar_synced": false,
    "client_notes": "",
    "coach_notes": "",
    "created_at": "2025-12-09T19:46:50.607Z",
    "updated_at": "2025-12-09T19:46:50.607Z",
    "confirmed_at": null,
    "completed_at": null
  }
},
{
  "model": "bookings.booking",
  "pk": 34,
  "fields": {
    "client": 9,
    "player": 5,
    "coach": 4,
    "availability_slot": null,
    "session_type": 2,
    "client_package": null,
    "scheduled_date": "2025-12-09",
    "scheduled_time": "09:00:00",
    "duration_minutes": 60,
    "status": "confirmed",
    "payment_status": "paid",
    "amount_paid": "45.00",
    "cancellation_reason": null,
    "cancellation_notes": "",
    "cancelled_at": null,
    "cancelled_by": null,
    "rescheduled_from": null,
    "google_event_id": "",
    "calendar_synced": false,
    "client_notes": "",
    "coach_notes": "",
    "created_at": "2025-12-09T19:46:50.608Z",
    "updated_at": "2025-12-09T19:46:50.608Z",
    "confirmed_at": null,
    "completed_at": null
  }
},
{
  "model": "bookings.booking",
  "pk": 35,
  "fields": {
    "client": 6,
    "player": 8,
    "coach": 4,
    "availability_slot": null,
    "session_type": 2,
    "client_package": null,
    "scheduled_date": "2025-12-09",
    "scheduled_time": "10:00:00",
    "duration_minutes": 60,
    "status": "confirmed",
    "payment_status": "paid",
    "amount_paid": "45.00",
    "cancellation_reason": null,
    "cancellation_notes": "",
    "cancelled_at": null,
    "cancelled_by": null,
    "rescheduled_from": null,
    "google_event_id": "",
    "calendar_synced": false,
    "client_notes": "",
    "coach_notes": "",
    "created_at": "2025-12-09T19:46:50.610Z",
    "updated_at": "2025-12-09T19:46:50.610Z",
    "confirmed_at": null,
    "completed_at": null
  }
},
{
  "model": "bookings.booking",
  "pk": 36,
  "fields": {
    "client": 7,
    "player": 7,
    "coach": 4,
    "availability_slot": null,
    "session_type": 5,
    "client_package": null,
    "scheduled_date": "2025-12-09",
    "scheduled_time": "11:00:00",
    "duration_minutes": 60,
    "status": "confirmed",
    "payment_status": "paid",
    "amount_paid": "100.00",
    "cancellation_reason": null,
    "cancellation_notes": "",
    "cancelled_at": null,
    "cancelled_by": null,
    "rescheduled_from": null,
    "google_event_id": "",
    "calendar_synced": false,
    "client_notes": "",
    "coach_notes": "",
    "created_at": "2025-12-09T19:46:50.612Z",
    "updated_at": "2025-12-09T19:46:50.612Z",
    "confirmed_at": null,
    "completed_at": null
  }
},
{
  "model": "bookings.booking",
  "pk": 37,
  "fields": {
    "client": 9,
    "player": 5,
    "coach": 4,
    "availability_slot": null,
    "session_type": 3,
    "client_package": null,
    "scheduled_date": "2025-12-10",
    "scheduled_time": "09:00:00",
    "duration_minutes": 60,
    "status": "confirmed",
    "payment_status": "paid",
    "amount_paid": "50.00",
    "cancellation_reason": null,
    "cancellation_notes": "",
    "cancelled_at": null,
    "cancelled_by": null,
    "rescheduled_from": null,
    "google_event_id": "",
    "calendar_synced": false,
    "client_notes": "",
    "coach_notes": "",
    "created_at": "2025-12-09T19:46:50.614Z",
    "updated_at": "2025-12-09T19:46:50.614Z",
    "confirmed_at": null,
    "completed_at": null
  }
},
{
  "model": "bookings.booking",
  "pk": 38,
  "fields": {
    "client": 2,
    "player": 1,
    "coach": 4,
    "availability_slot": null,
    "session_type": 2,
    "client_package": null,
    "scheduled_date": "2025-12-11",
    "scheduled_time": "09:00:00",
    "duration_minutes": 60,
    "status": "confirmed",
    "payment_status": "paid",
    "amount_paid": "45.00",
    "cancellation_reason": null,
    "cancellation_notes": "",
    "cancelled_at": null,
    "cancelled_by": null,
    "rescheduled_from": null,
    "google_event_id": "",
    "calendar_synced": false,
    "client_notes": "",
    "coach_notes": "",
    "created_at": "2025-12-09T19:46:50.616Z",
    "updated_at": "2025-12-09T19:46:50.616Z",
    "confirmed_at": null,
    "completed_at": null
  }
},
{
  "model": "bookings.booking",
  "pk": 39,
  "fields": {
    "client": 7,
    "player": 7,
    "coach": 4,
    "availability_slot": null,
    "session_type": 2,
    "client_package": null,
    "scheduled_date": "2025-12-12",
    "scheduled_time": "14:00:00",
    "duration_minutes": 60,
    "status": "confirmed",
    "payment_status": "paid",
    "amount_paid": "45.00",
    "cancellation_reason": null,
    "cancellation_notes": "",
    "cancelled_at": null,
    "cancelled_by": null,
    "rescheduled_from": null,
    "google_event_id": "",
    "calendar_synced": false,
    "client_notes": "",
    "coach_notes": "",
    "created_at": "2025-12-09T19:46:50.618Z",
    "updated_at": "2025-12-09T19:46:50.618Z",
    "confirmed_at": null,
    "completed_at": null
  }
},
{
  "model": "bookings.booking",
  "pk": 40,
  "fields": {
    "client": 2,
    "player": 1,
    "coach": 4,
    "availability_slot": null,
    "session_type": 3,
    "client_package": null,
    "scheduled_date": "2025-12-13",
    "scheduled_time": "15:00:00",
    "duration_minutes": 60,
    "status": "confirmed",
    "payment_status": "paid",
    "amount_paid": "50.00",
    "cancellation_reason": null,
    "cancellation_notes": "",
    "cancelled_at": null,
    "cancelled_by": null,
    "rescheduled_from": null,
    "google_event_id": "",
    "calendar_synced": false,
    "client_notes": "",
    "coach_notes": "",
    "created_at": "2025-12-09T19:46:50.620Z",
    "updated_at": "2025-12-09T19:46:50.620Z",
    "confirmed_at": null,
    "completed_at": null
  }
},
{
  "model": "bookings.booking",
  "pk": 41,
  "fields": {
    "client": 7,
    "player": 7,
    "coach": 4,
    "availability_slot": null,
    "session_type": 2,
    "client_package": null,
    "scheduled_date": "2025-12-14",
    "scheduled_time": "11:00:00",
    "duration_minutes": 60,
    "status": "confirmed",
    "payment_status": "paid",
    "amount_paid": "45.00",
    "cancellation_reason": null,
    "cancellation_notes": "",
    "cancelled_at": null,
    "cancelled_by": null,
    "rescheduled_from": null,
    "google_event_id": "",
    "calendar_synced": false,
    "client_notes": "",
    "coach_notes": "",
    "created_at": "2025-12-09T19:46:50.622Z",
    "updated_at": "2025-12-09T19:46:50.622Z",
    "confirmed_at": null,
    "completed_at": null
  }
},
{
  "model": "bookings.booking",
  "pk": 42,
  "fields": {
    "client": 1,
    "player": 4,
    "coach": 4,
    "availability_slot": null,
    "session_type": 5,
    "client_package": null,
    "scheduled_date": "2025-12-15",
    "scheduled_time": "14:00:00",
    "duration_minutes": 60,
    "status": "confirmed",
    "payment_status": "paid",
    "amount_paid": "100.00",
    "cancellation_reason": null,
    "cancellation_notes": "",
    "cancelled_at": null,
    "cancelled_by": null,
    "rescheduled_from": null,
    "google_event_id": "",
    "calendar_synced": false,
    "client_notes": "",
    "coach_notes": "",
    "created_at": "2025-12-09T19:46:50.624Z",
    "updated_at": "2025-12-09T19:46:50.624Z",
    "confirmed_at": null,
    "completed_at": null
  }
},
{
  "model": "bookings.booking",
  "pk": 43,
  "fields": {
    "client": 9,
    "player": 5,
    "coach": 4,
    "availability_slot": null,
    "session_type": 3,
    "client_package": null,
    "scheduled_date": "2025-12-16",
    "scheduled_time": "15:00:00",
    "duration_minutes": 60,
    "status": "confirmed",
    "payment_status": "paid",
    "amount_paid": "50.00",
    "cancellation_reason": null,
    "cancellation_notes": "",
    "cancelled_at": null,
    "cancelled_by": null,
    "rescheduled_from": null,
    "google_event_id": "",
    "calendar_synced": false,
    "client_notes": "",
    "coach_notes": "",
    "created_at": "2025-12-09T19:46:50.626Z",
    "updated_at": "2025-12-09T19:46:50.626Z",
    "confirmed_at": null,
    "completed_at": null
  }
},
{
  "model": "bookings.booking",
  "pk": 44,
  "fields": {
    "client": 7,
    "player": 7,
    "coach": 5,
    "availability_slot": null,
    "session_type": 2,
    "client_package": null,
    "scheduled_date": "2025-12-04",
    "scheduled_time": "14:00:00",
    "duration_minutes": 60,
    "status": "completed",
    "payment_status": "paid",
    "amount_paid": "45.00",
    "cancellation_reason": null,
    "cancellation_notes": "",
    "cancelled_at": null,
    "cancelled_by": null,
    "rescheduled_from": null,
    "google_event_id": "",
    "calendar_synced": false,
    "client_notes": "",
    "coach_notes": "",
    "created_at": "2025-12-09T19:46:50.627Z",
    "updated_at": "2025-12-09T19:46:50.627Z",
    "confirmed_at": null,
    "completed_at": null
  }
},
{
  "model": "bookings.booking",
  "pk": 45,
  "fields": {
    "client": 7,
    "player": 7,
    "coach": 5,
    "availability_slot": null,
    "session_type": 3,
    "client_package": null,
    "scheduled_date": "2025-12-05",
    "scheduled_time": "14:00:00",
    "duration_minutes": 60,
    "status": "completed",
    "payment_status": "paid",
    "amount_paid": "50.00",
    "cancellation_reason": null,
    "cancellation_notes": "",
    "cancelled_at": null,
    "cancelled_by": null,
    "rescheduled_from": null,
    "google_event_id": "",
    "calendar_synced": false,
    "client_notes": "",
    "coach_notes": "",
    "created_at": "2025-12-09T19:46:50.629Z",
    "updated_at": "2025-12-09T19:46:50.629Z",
    "confirmed_at": null,
    "completed_at": null
  }
},
{
  "model": "bookings.booking",
  "pk": 46,
  "fields": {
    "client": 6,
    "player": 8,
    "coach": 5,
    "availability_slot": null,
    "session_type": 1,
    "client_package": null,
    "scheduled_date": "2025-12-06",
    "scheduled_time": "14:00:00",
    "duration_minutes": 60,
    "status": "completed",
    "payment_status": "paid",
    "amount_paid": "75.00",
    "cancellation_reason": null,
    "cancellation_notes": "",
    "cancelled_at": null,
    "cancelled_by": null,
    "rescheduled_from": null,
    "google_event_id": "",
    "calendar_synced": false,
    "client_notes": "",
    "coach_notes": "",
    "created_at": "2025-12-09T19:46:50.631Z",
    "updated_at": "2025-12-09T19:46:50.631Z",
    "confirmed_at": null,
    "completed_at": null
  }
},
{
  "model": "bookings.booking",
  "pk": 47,
  "fields": {
    "client": 7,
    "player": 7,
    "coach": 5,
    "availability_slot": null,
    "session_type": 4,
    "client_package": null,
    "scheduled_date": "2025-12-07",
    "scheduled_time": "14:00:00",
    "duration_minutes": 60,
    "status": "completed",
    "payment_status": "paid",
    "amount_paid": "40.00",
    "cancellation_reason": null,
    "cancellation_notes": "",
    "cancelled_at": null,
    "cancelled_by": null,
    "rescheduled_from": null,
    "google_event_id": "",
    "calendar_synced": false,
    "client_notes": "",
    "coach_notes": "",
    "created_at": "2025-12-09T19:46:50.632Z",
    "updated_at": "2025-12-09T19:46:50.632Z",
    "confirmed_at": null,
    "completed_at": null
  }
},
{
  "model": "bookings.booking",
  "pk": 48,
  "fields": {
    "client": 8,
    "player": 6,
    "coach": 5,
    "availability_slot": null,
    "session_type": 5,
    "client_package": null,
    "scheduled_date": "2025-12-08",
    "scheduled_time": "14:00:00",
    "duration_minutes": 60,
    "status": "completed",
    "payment_status": "paid",
    "amount_paid": "100.00",
    "cancellation_reason": null,
    "cancellation_notes": "",
    "cancelled_at": null,
    "cancelled_by": null,
    "rescheduled_from": null,
    "google_event_id": "",
    "calendar_synced": false,
    "client_notes": "",
    "coach_notes": "",
    "created_at": "2025-12-09T19:46:50.634Z",
    "updated_at": "2025-12-09T19:46:50.634Z",
    "confirmed_at": null,
    "completed_at": null
  }
},
{
  "model": "bookings.booking",
  "pk": 49,
  "fields": {
    "client": 1,
    "player": 4,
    "coach": 5,
    "availability_slot": null,
    "session_type": 5,
    "client_package": null,
    "scheduled_date": "2025-12-09",
    "scheduled_time": "09:00:00",
    "duration_minutes": 60,
    "status": "confirmed",
    "payment_status": "paid",
    "amount_paid": "100.00",
    "cancellation_reason": null,
    "cancellation_notes": "",
    "cancelled_at": null,
    "cancelled_by": null,
    "rescheduled_from": null,
    "google_event_id": "",
    "calendar_synced": false,
    "client_notes": "",
    "coach_notes": "",
    "created_at": "2025-12-09T19:46:50.636Z",
    "updated_at": "2025-12-09T19:46:50.636Z",
    "confirmed_at": null,
    "completed_at": null
  }
},
{
  "model": "bookings.booking",
  "pk": 50,
  "fields": {
    "client": 1,
    "player": 4,
    "coach": 5,
    "availability_slot": null,
    "session_type": 4,
    "client_package": null,
    "scheduled_date": "2025-12-09",
    "scheduled_time": "10:00:00",
    "duration_minutes": 60,
    "status": "confirmed",
    "payment_status": "paid",
    "amount_paid": "40.00",
    "cancellation_reason": null,
    "cancellation_notes": "",
    "cancelled_at": null,
    "cancelled_by": null,
    "rescheduled_from": null,
    "google_event_id": "",
    "calendar_synced": false,
    "client_notes": "",
    "coach_notes": "",
    "created_at": "2025-12-09T19:46:50.638Z",
    "updated_at": "2025-12-09T19:46:50.638Z",
    "confirmed_at": null,
    "completed_at": null
  }
},
{
  "model": "bookings.booking",
  "pk": 51,
  "fields": {
    "client": 1,
    "player": 4,
    "coach": 5,
    "availability_slot": null,
    "session_type": 2,
    "client_package": null,
    "scheduled_date": "2025-12-09",
    "scheduled_time": "11:00:00",
    "duration_minutes": 60,
    "status": "confirmed",
    "payment_status": "paid",
    "amount_paid": "45.00",
    "cancellation_reason": null,
    "cancellation_notes": "",
    "cancelled_at": null,
    "cancelled_by": null,
    "rescheduled_from": null,
    "google_event_id": "",
    "calendar_synced": false,
    "client_notes": "",
    "coach_notes": "",
    "created_at": "2025-12-09T19:46:50.640Z",
    "updated_at": "2025-12-09T19:46:50.640Z",
    "confirmed_at": null,
    "completed_at": null
  }
},
{
  "model": "bookings.booking",
  "pk": 52,
  "fields": {
    "client": 6,
    "player": 8,
    "coach": 5,
    "availability_slot": null,
    "session_type": 1,
    "client_package": null,
    "scheduled_date": "2025-12-10",
    "scheduled_time": "15:00:00",
    "duration_minutes": 60,
    "status": "confirmed",
    "payment_status": "paid",
    "amount_paid": "75.00",
    "cancellation_reason": null,
    "cancellation_notes": "",
    "cancelled_at": null,
    "cancelled_by": null,
    "rescheduled_from": null,
    "google_event_id": "",
    "calendar_synced": false,
    "client_notes": "",
    "coach_notes": "",
    "created_at": "2025-12-09T19:46:50.641Z",
    "updated_at": "2025-12-09T19:46:50.641Z",
    "confirmed_at": null,
    "completed_at": null
  }
},
{
  "model": "bookings.booking",
  "pk": 53,
  "fields": {
    "client": 1,
    "player": 4,
    "coach": 5,
    "availability_slot": null,
    "session_type": 2,
    "client_package": null,
    "scheduled_date": "2025-12-11",
    "scheduled_time": "14:00:00",
    "duration_minutes": 60,
    "status": "confirmed",
    "payment_status": "paid",
    "amount_paid": "45.00",
    "cancellation_reason": null,
    "cancellation_notes": "",
    "cancelled_at": null,
    "cancelled_by": null,
    "rescheduled_from": null,
    "google_event_id": "",
    "calendar_synced": false,
    "client_notes": "",
    "coach_notes": "",
    "created_at": "2025-12-09T19:46:50.643Z",
    "updated_at": "2025-12-09T19:46:50.643Z",
    "confirmed_at": null,
    "completed_at": null
  }
},
{
  "model": "bookings.booking",
  "pk": 54,
  "fields": {
    "client": 7,
    "player": 7,
    "coach": 5,
    "availability_slot": null,
    "session_type": 6,
    "client_package": null,
    "scheduled_date": "2025-12-12",
    "scheduled_time": "10:00:00",
    "duration_minutes": 60,
    "status": "confirmed",
    "payment_status": "paid",
    "amount_paid": "60.00",
    "cancellation_reason": null,
    "cancellation_notes": "",
    "cancelled_at": null,
    "cancelled_by": null,
    "rescheduled_from": null,
    "google_event_id": "",
    "calendar_synced": false,
    "client_notes": "",
    "coach_notes": "",
    "created_at": "2025-12-09T19:46:50.644Z",
    "updated_at": "2025-12-09T19:46:50.644Z",
    "confirmed_at": null,
    "completed_at": null
  }
},
{
  "model": "bookings.booking",
  "pk": 55,
  "fields": {
    "client": 1,
    "player": 2,
    "coach": 5,
    "availability_slot": null,
    "session_type": 4,
    "client_package": null,
    "scheduled_date": "2025-12-13",
    "scheduled_time": "11:00:00",
    "duration_minutes": 60,
    "status": "confirmed",
    "payment_status": "paid",
    "amount_paid": "40.00",
    "cancellation_reason": null,
    "cancellation_notes": "",
    "cancelled_at": null,
    "cancelled_by": null,
    "rescheduled_from": null,
    "google_event_id": "",
    "calendar_synced": false,
    "client_notes": "",
    "coach_notes": "",
    "created_at": "2025-12-09T19:46:50.647Z",
    "updated_at": "2025-12-09T19:46:50.647Z",
    "confirmed_at": null,
    "completed_at": null
  }
},
{
  "model": "bookings.booking",
  "pk": 56,
  "fields": {
    "client": 1,
    "player": 4,
    "coach": 5,
    "availability_slot": null,
    "session_type": 4,
    "client_package": null,
    "scheduled_date": "2025-12-14",
    "scheduled_time": "14:00:00",
    "duration_minutes": 60,
    "status": "confirmed",
    "payment_status": "paid",
    "amount_paid": "40.00",
    "cancellation_reason": null,
    "cancellation_notes": "",
    "cancelled_at": null,
    "cancelled_by": null,
    "rescheduled_from": null,
    "google_event_id": "",
    "calendar_synced": false,
    "client_notes": "",
    "coach_notes": "",
    "created_at": "2025-12-09T19:46:50.648Z",
    "updated_at": "2025-12-09T19:46:50.648Z",
    "confirmed_at": null,
    "completed_at": null
  }
},
{
  "model": "bookings.booking",
  "pk": 57,
  "fields": {
    "client": 2,
    "player": 1,
    "coach": 5,
    "availability_slot": null,
    "session_type": 1,
    "client_package": null,
    "scheduled_date": "2025-12-15",
    "scheduled_time": "09:00:00",
    "duration_minutes": 60,
    "status": "confirmed",
    "payment_status": "paid",
    "amount_paid": "75.00",
    "cancellation_reason": null,
    "cancellation_notes": "",
    "cancelled_at": null,
    "cancelled_by": null,
    "rescheduled_from": null,
    "google_event_id": "",
    "calendar_synced": false,
    "client_notes": "",
    "coach_notes": "",
    "created_at": "2025-12-09T19:46:50.650Z",
    "updated_at": "2025-12-09T19:46:50.650Z",
    "confirmed_at": null,
    "completed_at": null
  }
},
{
  "model": "bookings.booking",
  "pk": 58,
  "fields": {
    "client": 2,
    "player": 1,
    "coach": 5,
    "availability_slot": null,
    "session_type": 2,
    "client_package": null,
    "scheduled_date": "2025-12-16",
    "scheduled_time": "15:00:00",
    "duration_minutes": 60,
    "status": "confirmed",
    "payment_status": "paid",
    "amount_paid": "45.00",
    "cancellation_reason": null,
    "cancellation_notes": "",
    "cancelled_at": null,
    "cancelled_by": null,
    "rescheduled_from": null,
    "google_event_id": "",
    "calendar_synced": false,
    "client_notes": "",
    "coach_notes": "",
    "created_at": "2025-12-09T19:46:50.652Z",
    "updated_at": "2025-12-09T19:46:50.652Z",
    "confirmed_at": null,
    "completed_at": null
  }
},
{
  "model": "bookings.booking",
  "pk": 59,
  "fields": {
    "client": 7,
    "player": 7,
    "coach": 1,
    "availability_slot": null,
    "session_type": 2,
    "client_package": null,
    "scheduled_date": "2025-12-04",
    "scheduled_time": "11:00:00",
    "duration_minutes": 60,
    "status": "completed",
    "payment_status": "paid",
    "amount_paid": "45.00",
    "cancellation_reason": null,
    "cancellation_notes": "",
    "cancelled_at": null,
    "cancelled_by": null,
    "rescheduled_from": null,
    "google_event_id": "",
    "calendar_synced": false,
    "client_notes": "",
    "coach_notes": "",
    "created_at": "2025-12-09T19:46:50.654Z",
    "updated_at": "2025-12-09T19:46:50.654Z",
    "confirmed_at": null,
    "completed_at": null
  }
},
{
  "model": "bookings.booking",
  "pk": 60,
  "fields": {
    "client": 1,
    "player": 2,
    "coach": 1,
    "availability_slot": null,
    "session_type": 6,
    "client_package": null,
    "scheduled_date": "2025-12-05",
    "scheduled_time": "15:00:00",
    "duration_minutes": 60,
    "status": "completed",
    "payment_status": "paid",
    "amount_paid": "60.00",
    "cancellation_reason": null,
    "cancellation_notes": "",
    "cancelled_at": null,
    "cancelled_by": null,
    "rescheduled_from": null,
    "google_event_id": "",
    "calendar_synced": false,
    "client_notes": "",
    "coach_notes": "",
    "created_at": "2025-12-09T19:46:50.655Z",
    "updated_at": "2025-12-09T19:46:50.656Z",
    "confirmed_at": null,
    "completed_at": null
  }
},
{
  "model": "bookings.booking",
  "pk": 61,
  "fields": {
    "client": 2,
    "player": 1,
    "coach": 1,
    "availability_slot": null,
    "session_type": 3,
    "client_package": null,
    "scheduled_date": "2025-12-06",
    "scheduled_time": "11:00:00",
    "duration_minutes": 60,
    "status": "completed",
    "payment_status": "paid",
    "amount_paid": "50.00",
    "cancellation_reason": null,
    "cancellation_notes": "",
    "cancelled_at": null,
    "cancelled_by": null,
    "rescheduled_from": null,
    "google_event_id": "",
    "calendar_synced": false,
    "client_notes": "",
    "coach_notes": "",
    "created_at": "2025-12-09T19:46:50.657Z",
    "updated_at": "2025-12-09T19:46:50.657Z",
    "confirmed_at": null,
    "completed_at": null
  }
},
{
  "model": "bookings.booking",
  "pk": 62,
  "fields": {
    "client": 1,
    "player": 3,
    "coach": 1,
    "availability_slot": null,
    "session_type": 1,
    "client_package": null,
    "scheduled_date": "2025-12-07",
    "scheduled_time": "09:00:00",
    "duration_minutes": 60,
    "status": "completed",
    "payment_status": "paid",
    "amount_paid": "75.00",
    "cancellation_reason": null,
    "cancellation_notes": "",
    "cancelled_at": null,
    "cancelled_by": null,
    "rescheduled_from": null,
    "google_event_id": "",
    "calendar_synced": false,
    "client_notes": "",
    "coach_notes": "",
    "created_at": "2025-12-09T19:46:50.659Z",
    "updated_at": "2025-12-09T19:46:50.659Z",
    "confirmed_at": null,
    "completed_at": null
  }
},
{
  "model": "bookings.booking",
  "pk": 63,
  "fields": {
    "client": 8,
    "player": 6,
    "coach": 1,
    "availability_slot": null,
    "session_type": 4,
    "client_package": null,
    "scheduled_date": "2025-12-08",
    "scheduled_time": "14:00:00",
    "duration_minutes": 60,
    "status": "completed",
    "payment_status": "paid",
    "amount_paid": "40.00",
    "cancellation_reason": null,
    "cancellation_notes": "",
    "cancelled_at": null,
    "cancelled_by": null,
    "rescheduled_from": null,
    "google_event_id": "",
    "calendar_synced": false,
    "client_notes": "",
    "coach_notes": "",
    "created_at": "2025-12-09T19:46:50.661Z",
    "updated_at": "2025-12-09T19:46:50.661Z",
    "confirmed_at": null,
    "completed_at": null
  }
},
{
  "model": "bookings.booking",
  "pk": 64,
  "fields": {
    "client": 1,
    "player": 4,
    "coach": 1,
    "availability_slot": null,
    "session_type": 3,
    "client_package": null,
    "scheduled_date": "2025-12-09",
    "scheduled_time": "09:00:00",
    "duration_minutes": 60,
    "status": "confirmed",
    "payment_status": "paid",
    "amount_paid": "50.00",
    "cancellation_reason": null,
    "cancellation_notes": "",
    "cancelled_at": null,
    "cancelled_by": null,
    "rescheduled_from": null,
    "google_event_id": "",
    "calendar_synced": false,
    "client_notes": "",
    "coach_notes": "",
    "created_at": "2025-12-09T19:46:50.663Z",
    "updated_at": "2025-12-09T19:46:50.663Z",
    "confirmed_at": null,
    "completed_at": null
  }
},
{
  "model": "bookings.booking",
  "pk": 65,
  "fields": {
    "client": 8,
    "player": 6,
    "coach": 1,
    "availability_slot": null,
    "session_type": 6,
    "client_package": null,
    "scheduled_date": "2025-12-09",
    "scheduled_time": "10:00:00",
    "duration_minutes": 60,
    "status": "confirmed",
    "payment_status": "paid",
    "amount_paid": "60.00",
    "cancellation_reason": null,
    "cancellation_notes": "",
    "cancelled_at": null,
    "cancelled_by": null,
    "rescheduled_from": null,
    "google_event_id": "",
    "calendar_synced": false,
    "client_notes": "",
    "coach_notes": "",
    "created_at": "2025-12-09T19:46:50.664Z",
    "updated_at": "2025-12-09T19:46:50.665Z",
    "confirmed_at": null,
    "completed_at": null
  }
},
{
  "model": "bookings.booking",
  "pk": 66,
  "fields": {
    "client": 7,
    "player": 7,
    "coach": 1,
    "availability_slot": null,
    "session_type": 6,
    "client_package": null,
    "scheduled_date": "2025-12-09",
    "scheduled_time": "11:00:00",
    "duration_minutes": 60,
    "status": "confirmed",
    "payment_status": "paid",
    "amount_paid": "60.00",
    "cancellation_reason": null,
    "cancellation_notes": "",
    "cancelled_at": null,
    "cancelled_by": null,
    "rescheduled_from": null,
    "google_event_id": "",
    "calendar_synced": false,
    "client_notes": "",
    "coach_notes": "",
    "created_at": "2025-12-09T19:46:50.666Z",
    "updated_at": "2025-12-09T19:46:50.666Z",
    "confirmed_at": null,
    "completed_at": null
  }
},
{
  "model": "bookings.booking",
  "pk": 67,
  "fields": {
    "client": 9,
    "player": 5,
    "coach": 1,
    "availability_slot": null,
    "session_type": 5,
    "client_package": null,
    "scheduled_date": "2025-12-10",
    "scheduled_time": "14:00:00",
    "duration_minutes": 60,
    "status": "confirmed",
    "payment_status": "paid",
    "amount_paid": "100.00",
    "cancellation_reason": null,
    "cancellation_notes": "",
    "cancelled_at": null,
    "cancelled_by": null,
    "rescheduled_from": null,
    "google_event_id": "",
    "calendar_synced": false,
    "client_notes": "",
    "coach_notes": "",
    "created_at": "2025-12-09T19:46:50.668Z",
    "updated_at": "2025-12-09T19:46:50.668Z",
    "confirmed_at": null,
    "completed_at": null
  }
},
{
  "model": "bookings.booking",
  "pk": 68,
  "fields": {
    "client": 6,
    "player": 8,
    "coach": 1,
    "availability_slot": null,
    "session_type": 5,
    "client_package": null,
    "scheduled_date": "2025-12-11",
    "scheduled_time": "10:00:00",
    "duration_minutes": 60,
    "status": "confirmed",
    "payment_status": "paid",
    "amount_paid": "100.00",
    "cancellation_reason": null,
    "cancellation_notes": "",
    "cancelled_at": null,
    "cancelled_by": null,
    "rescheduled_from": null,
    "google_event_id": "",
    "calendar_synced": false,
    "client_notes": "",
    "coach_notes": "",
    "created_at": "2025-12-09T19:46:50.670Z",
    "updated_at": "2025-12-09T19:46:50.670Z",
    "confirmed_at": null,
    "completed_at": null
  }
},
{
  "model": "bookings.booking",
  "pk": 69,
  "fields": {
    "client": 1,
    "player": 3,
    "coach": 1,
    "availability_slot": null,
    "session_type": 1,
    "client_package": null,
    "scheduled_date": "2025-12-12",
    "scheduled_time": "15:00:00",
    "duration_minutes": 60,
    "status": "confirmed",
    "payment_status": "paid",
    "amount_paid": "75.00",
    "cancellation_reason": null,
    "cancellation_notes": "",
    "cancelled_at": null,
    "cancelled_by": null,
    "rescheduled_from": null,
    "google_event_id": "",
    "calendar_synced": false,
    "client_notes": "",
    "coach_notes": "",
    "created_at": "2025-12-09T19:46:50.672Z",
    "updated_at": "2025-12-09T19:46:50.672Z",
    "confirmed_at": null,
    "completed_at": null
  }
},
{
  "model": "bookings.booking",
  "pk": 70,
  "fields": {
    "client": 7,
    "player": 7,
    "coach": 1,
    "availability_slot": null,
    "session_type": 3,
    "client_package": null,
    "scheduled_date": "2025-12-13",
    "scheduled_time": "15:00:00",
    "duration_minutes": 60,
    "status": "confirmed",
    "payment_status": "paid",
    "amount_paid": "50.00",
    "cancellation_reason": null,
    "cancellation_notes": "",
    "cancelled_at": null,
    "cancelled_by": null,
    "rescheduled_from": null,
    "google_event_id": "",
    "calendar_synced": false,
    "client_notes": "",
    "coach_notes": "",
    "created_at": "2025-12-09T19:46:50.674Z",
    "updated_at": "2025-12-09T19:46:50.674Z",
    "confirmed_at": null,
    "completed_at": null
  }
},
{
  "model": "bookings.booking",
  "pk": 71,
  "fields": {
    "client": 6,
    "player": 8,
    "coach": 1,
    "availability_slot": null,
    "session_type": 6,
    "client_package": null,
    "scheduled_date": "2025-12-14",
    "scheduled_time": "14:00:00",
    "duration_minutes": 60,
    "status": "confirmed",
    "payment_status": "paid",
    "amount_paid": "60.00",
    "cancellation_reason": null,
    "cancellation_notes": "",
    "cancelled_at": null,
    "cancelled_by": null,
    "rescheduled_from": null,
    "google_event_id": "",
    "calendar_synced": false,
    "client_notes": "",
    "coach_notes": "",
    "created_at": "2025-12-09T19:46:50.676Z",
    "updated_at": "2025-12-09T19:46:50.676Z",
    "confirmed_at": null,
    "completed_at": null
  }
},
{
  "model": "bookings.booking",
  "pk": 72,
  "fields": {
    "client": 9,
    "player": 5,
    "coach": 1,
    "availability_slot": null,
    "session_type": 3,
    "client_package": null,
    "scheduled_date": "2025-12-15",
    "scheduled_time": "10:00:00",
    "duration_minutes": 60,
    "status": "confirmed",
    "payment_status": "paid",
    "amount_paid": "50.00",
    "cancellation_reason": null,
    "cancellation_notes": "",
    "cancelled_at": null,
    "cancelled_by": null,
    "rescheduled_from": null,
    "google_event_id": "",
    "calendar_synced": false,
    "client_notes": "",
    "coach_notes": "",
    "created_at": "2025-12-09T19:46:50.678Z",
    "updated_at": "2025-12-09T19:46:50.678Z",
    "confirmed_at": null,
    "completed_at": null
  }
},
{
  "model": "bookings.booking",
  "pk": 73,
  "fields": {
    "client": 1,
    "player": 4,
    "coach": 1,
    "availability_slot": null,
    "session_type": 2,
    "client_package": null,
    "scheduled_date": "2025-12-16",
    "scheduled_time": "09:00:00",
    "duration_minutes": 60,
    "status": "confirmed",
    "payment_status": "paid",
    "amount_paid": "45.00",
    "cancellation_reason": null,
    "cancellation_notes": "",
    "cancelled_at": null,
    "cancelled_by": null,
    "rescheduled_from": null,
    "google_event_id": "",
    "calendar_synced": false,
    "client_notes": "",
    "coach_notes": "",
    "created_at": "2025-12-09T19:46:50.679Z",
    "updated_at": "2025-12-09T19:46:50.679Z",
    "confirmed_at": null,
    "completed_at": null
  }
},
{
  "model": "bookings.booking",
  "pk": 74,
  "fields": {
    "client": 8,
    "player": 6,
    "coach": 2,
    "availability_slot": null,
    "session_type": 6,
    "client_package": null,
    "scheduled_date": "2025-12-04",
    "scheduled_time": "11:00:00",
    "duration_minutes": 60,
    "status": "completed",
    "payment_status": "paid",
    "amount_paid": "60.00",
    "cancellation_reason": null,
    "cancellation_notes": "",
    "cancelled_at": null,
    "cancelled_by": null,
    "rescheduled_from": null,
    "google_event_id": "",
    "calendar_synced": false,
    "client_notes": "",
    "coach_notes": "",
    "created_at": "2025-12-09T19:46:50.681Z",
    "updated_at": "2025-12-09T19:46:50.681Z",
    "confirmed_at": null,
    "completed_at": null
  }
},
{
  "model": "bookings.booking",
  "pk": 75,
  "fields": {
    "client": 1,
    "player": 2,
    "coach": 2,
    "availability_slot": null,
    "session_type": 5,
    "client_package": null,
    "scheduled_date": "2025-12-05",
    "scheduled_time": "15:00:00",
    "duration_minutes": 60,
    "status": "completed",
    "payment_status": "paid",
    "amount_paid": "100.00",
    "cancellation_reason": null,
    "cancellation_notes": "",
    "cancelled_at": null,
    "cancelled_by": null,
    "rescheduled_from": null,
    "google_event_id": "",
    "calendar_synced": false,
    "client_notes": "",
    "coach_notes": "",
    "created_at": "2025-12-09T19:46:50.683Z",
    "updated_at": "2025-12-09T19:46:50.683Z",
    "confirmed_at": null,
    "completed_at": null
  }
},
{
  "model": "bookings.booking",
  "pk": 76,
  "fields": {
    "client": 1,
    "player": 2,
    "coach": 2,
    "availability_slot": null,
    "session_type": 4,
    "client_package": null,
    "scheduled_date": "2025-12-06",
    "scheduled_time": "15:00:00",
    "duration_minutes": 60,
    "status": "completed",
    "payment_status": "paid",
    "amount_paid": "40.00",
    "cancellation_reason": null,
    "cancellation_notes": "",
    "cancelled_at": null,
    "cancelled_by": null,
    "rescheduled_from": null,
    "google_event_id": "",
    "calendar_synced": false,
    "client_notes": "",
    "coach_notes": "",
    "created_at": "2025-12-09T19:46:50.684Z",
    "updated_at": "2025-12-09T19:46:50.684Z",
    "confirmed_at": null,
    "completed_at": null
  }
},
{
  "model": "bookings.booking",
  "pk": 77,
  "fields": {
    "client": 7,
    "player": 7,
    "coach": 2,
    "availability_slot": null,
    "session_type": 3,
    "client_package": null,
    "scheduled_date": "2025-12-07",
    "scheduled_time": "11:00:00",
    "duration_minutes": 60,
    "status": "completed",
    "payment_status": "paid",
    "amount_paid": "50.00",
    "cancellation_reason": null,
    "cancellation_notes": "",
    "cancelled_at": null,
    "cancelled_by": null,
    "rescheduled_from": null,
    "google_event_id": "",
    "calendar_synced": false,
    "client_notes": "",
    "coach_notes": "",
    "created_at": "2025-12-09T19:46:50.686Z",
    "updated_at": "2025-12-09T19:46:50.686Z",
    "confirmed_at": null,
    "completed_at": null
  }
},
{
  "model": "bookings.booking",
  "pk": 78,
  "fields": {
    "client": 6,
    "player": 8,
    "coach": 2,
    "availability_slot": null,
    "session_type": 2,
    "client_package": null,
    "scheduled_date": "2025-12-08",
    "scheduled_time": "11:00:00",
    "duration_minutes": 60,
    "status": "completed",
    "payment_status": "paid",
    "amount_paid": "45.00",
    "cancellation_reason": null,
    "cancellation_notes": "",
    "cancelled_at": null,
    "cancelled_by": null,
    "rescheduled_from": null,
    "google_event_id": "",
    "calendar_synced": false,
    "client_notes": "",
    "coach_notes": "",
    "created_at": "2025-12-09T19:46:50.688Z",
    "updated_at": "2025-12-09T19:46:50.688Z",
    "confirmed_at": null,
    "completed_at": null
  }
},
{
  "model": "bookings.booking",
  "pk": 79,
  "fields": {
    "client": 1,
    "player": 3,
    "coach": 2,
    "availability_slot": null,
    "session_type": 6,
    "client_package": null,
    "scheduled_date": "2025-12-09",
    "scheduled_time": "09:00:00",
    "duration_minutes": 60,
    "status": "confirmed",
    "payment_status": "paid",
    "amount_paid": "60.00",
    "cancellation_reason": null,
    "cancellation_notes": "",
    "cancelled_at": null,
    "cancelled_by": null,
    "rescheduled_from": null,
    "google_event_id": "",
    "calendar_synced": false,
    "client_notes": "",
    "coach_notes": "",
    "created_at": "2025-12-09T19:46:50.690Z",
    "updated_at": "2025-12-09T19:46:50.690Z",
    "confirmed_at": null,
    "completed_at": null
  }
},
{
  "model": "bookings.booking",
  "pk": 80,
  "fields": {
    "client": 8,
    "player": 6,
    "coach": 2,
    "availability_slot": null,
    "session_type": 5,
    "client_package": null,
    "scheduled_date": "2025-12-09",
    "scheduled_time": "10:00:00",
    "duration_minutes": 60,
    "status": "confirmed",
    "payment_status": "paid",
    "amount_paid": "100.00",
    "cancellation_reason": null,
    "cancellation_notes": "",
    "cancelled_at": null,
    "cancelled_by": null,
    "rescheduled_from": null,
    "google_event_id": "",
    "calendar_synced": false,
    "client_notes": "",
    "coach_notes": "",
    "created_at": "2025-12-09T19:46:50.691Z",
    "updated_at": "2025-12-09T19:46:50.691Z",
    "confirmed_at": null,
    "completed_at": null
  }
},
{
  "model": "bookings.booking",
  "pk": 81,
  "fields": {
    "client": 7,
    "player": 7,
    "coach": 2,
    "availability_slot": null,
    "session_type": 6,
    "client_package": null,
    "scheduled_date": "2025-12-09",
    "scheduled_time": "11:00:00",
    "duration_minutes": 60,
    "status": "confirmed",
    "payment_status": "paid",
    "amount_paid": "60.00",
    "cancellation_reason": null,
    "cancellation_notes": "",
    "cancelled_at": null,
    "cancelled_by": null,
    "rescheduled_from": null,
    "google_event_id": "",
    "calendar_synced": false,
    "client_notes": "",
    "coach_notes": "",
    "created_at": "2025-12-09T19:46:50.693Z",
    "updated_at": "2025-12-09T19:46:50.693Z",
    "confirmed_at": null,
    "completed_at": null
  }
},
{
  "model": "bookings.booking",
  "pk": 82,
  "fields": {
    "client": 1,
    "player": 2,
    "coach": 2,
    "availability_slot": null,
    "session_type": 3,
    "client_package": null,
    "scheduled_date": "2025-12-10",
    "scheduled_time": "11:00:00",
    "duration_minutes": 60,
    "status": "confirmed",
    "payment_status": "paid",
    "amount_paid": "50.00",
    "cancellation_reason": null,
    "cancellation_notes": "",
    "cancelled_at": null,
    "cancelled_by": null,
    "rescheduled_from": null,
    "google_event_id": "",
    "calendar_synced": false,
    "client_notes": "",
    "coach_notes": "",
    "created_at": "2025-12-09T19:46:50.695Z",
    "updated_at": "2025-12-09T19:46:50.695Z",
    "confirmed_at": null,
    "completed_at": null
  }
},
{
  "model": "bookings.booking",
  "pk": 83,
  "fields": {
    "client": 1,
    "player": 4,
    "coach": 2,
    "availability_slot": null,
    "session_type": 5,
    "client_package": null,
    "scheduled_date": "2025-12-11",
    "scheduled_time": "15:00:00",
    "duration_minutes": 60,
    "status": "confirmed",
    "payment_status": "paid",
    "amount_paid": "100.00",
    "cancellation_reason": null,
    "cancellation_notes": "",
    "cancelled_at": null,
    "cancelled_by": null,
    "rescheduled_from": null,
    "google_event_id": "",
    "calendar_synced": false,
    "client_notes": "",
    "coach_notes": "",
    "created_at": "2025-12-09T19:46:50.696Z",
    "updated_at": "2025-12-09T19:46:50.696Z",
    "confirmed_at": null,
    "completed_at": null
  }
},
{
  "model": "bookings.booking",
  "pk": 84,
  "fields": {
    "client": 8,
    "player": 6,
    "coach": 2,
    "availability_slot": null,
    "session_type": 2,
    "client_package": null,
    "scheduled_date": "2025-12-12",
    "scheduled_time": "15:00:00",
    "duration_minutes": 60,
    "status": "confirmed",
    "payment_status": "paid",
    "amount_paid": "45.00",
    "cancellation_reason": null,
    "cancellation_notes": "",
    "cancelled_at": null,
    "cancelled_by": null,
    "rescheduled_from": null,
    "google_event_id": "",
    "calendar_synced": false,
    "client_notes": "",
    "coach_notes": "",
    "created_at": "2025-12-09T19:46:50.698Z",
    "updated_at": "2025-12-09T19:46:50.698Z",
    "confirmed_at": null,
    "completed_at": null
  }
},
{
  "model": "bookings.booking",
  "pk": 85,
  "fields": {
    "client": 6,
    "player": 8,
    "coach": 2,
    "availability_slot": null,
    "session_type": 1,
    "client_package": null,
    "scheduled_date": "2025-12-13",
    "scheduled_time": "15:00:00",
    "duration_minutes": 60,
    "status": "confirmed",
    "payment_status": "paid",
    "amount_paid": "75.00",
    "cancellation_reason": null,
    "cancellation_notes": "",
    "cancelled_at": null,
    "cancelled_by": null,
    "rescheduled_from": null,
    "google_event_id": "",
    "calendar_synced": false,
    "client_notes": "",
    "coach_notes": "",
    "created_at": "2025-12-09T19:46:50.700Z",
    "updated_at": "2025-12-09T19:46:50.700Z",
    "confirmed_at": null,
    "completed_at": null
  }
},
{
  "model": "bookings.booking",
  "pk": 86,
  "fields": {
    "client": 9,
    "player": 5,
    "coach": 2,
    "availability_slot": null,
    "session_type": 2,
    "client_package": null,
    "scheduled_date": "2025-12-14",
    "scheduled_time": "14:00:00",
    "duration_minutes": 60,
    "status": "confirmed",
    "payment_status": "paid",
    "amount_paid": "45.00",
    "cancellation_reason": null,
    "cancellation_notes": "",
    "cancelled_at": null,
    "cancelled_by": null,
    "rescheduled_from": null,
    "google_event_id": "",
    "calendar_synced": false,
    "client_notes": "",
    "coach_notes": "",
    "created_at": "2025-12-09T19:46:50.701Z",
    "updated_at": "2025-12-09T19:46:50.702Z",
    "confirmed_at": null,
    "completed_at": null
  }
},
{
  "model": "bookings.booking",
  "pk": 87,
  "fields": {
    "client": 6,
    "player": 8,
    "coach": 2,
    "availability_slot": null,
    "session_type": 3,
    "client_package": null,
    "scheduled_date": "2025-12-15",
    "scheduled_time": "15:00:00",
    "duration_minutes": 60,
    "status": "confirmed",
    "payment_status": "paid",
    "amount_paid": "50.00",
    "cancellation_reason": null,
    "cancellation_notes": "",
    "cancelled_at": null,
    "cancelled_by": null,
    "rescheduled_from": null,
    "google_event_id": "",
    "calendar_synced": false,
    "client_notes": "",
    "coach_notes": "",
    "created_at": "2025-12-09T19:46:50.703Z",
    "updated_at": "2025-12-09T19:46:50.703Z",
    "confirmed_at": null,
    "completed_at": null
  }
},
{
  "model": "bookings.booking",
  "pk": 88,
  "fields": {
    "client": 1,
    "player": 4,
    "coach": 2,
    "availability_slot": null,
    "session_type": 2,
    "client_package": null,
    "scheduled_date": "2025-12-16",
    "scheduled_time": "14:00:00",
    "duration_minutes": 60,
    "status": "confirmed",
    "payment_status": "paid",
    "amount_paid": "45.00",
    "cancellation_reason": null,
    "cancellation_notes": "",
    "cancelled_at": null,
    "cancelled_by": null,
    "rescheduled_from": null,
    "google_event_id": "",
    "calendar_synced": false,
    "client_notes": "",
    "coach_notes": "",
    "created_at": "2025-12-09T19:46:50.705Z",
    "updated_at": "2025-12-09T19:46:50.705Z",
    "confirmed_at": null,
    "completed_at": null
  }
},
{
  "model": "bookings.booking",
  "pk": 89,
  "fields": {
    "client": 1,
    "player": 2,
    "coach": 3,
    "availability_slot": null,
    "session_type": 3,
    "client_package": null,
    "scheduled_date": "2025-12-04",
    "scheduled_time": "09:00:00",
    "duration_minutes": 60,
    "status": "completed",
    "payment_status": "paid",
    "amount_paid": "50.00",
    "cancellation_reason": null,
    "cancellation_notes": "",
    "cancelled_at": null,
    "cancelled_by": null,
    "rescheduled_from": null,
    "google_event_id": "",
    "calendar_synced": false,
    "client_notes": "",
    "coach_notes": "",
    "created_at": "2025-12-09T19:46:50.706Z",
    "updated_at": "2025-12-09T19:46:50.707Z",
    "confirmed_at": null,
    "completed_at": null
  }
},
{
  "model": "bookings.booking",
  "pk": 90,
  "fields": {
    "client": 1,
    "player": 4,
    "coach": 3,
    "availability_slot": null,
    "session_type": 4,
    "client_package": null,
    "scheduled_date": "2025-12-05",
    "scheduled_time": "15:00:00",
    "duration_minutes": 60,
    "status": "completed",
    "payment_status": "paid",
    "amount_paid": "40.00",
    "cancellation_reason": null,
    "cancellation_notes": "",
    "cancelled_at": null,
    "cancelled_by": null,
    "rescheduled_from": null,
    "google_event_id": "",
    "calendar_synced": false,
    "client_notes": "",
    "coach_notes": "",
    "created_at": "2025-12-09T19:46:50.708Z",
    "updated_at": "2025-12-09T19:46:50.708Z",
    "confirmed_at": null,
    "completed_at": null
  }
},
{
  "model": "bookings.booking",
  "pk": 91,
  "fields": {
    "client": 6,
    "player": 8,
    "coach": 3,
    "availability_slot": null,
    "session_type": 1,
    "client_package": null,
    "scheduled_date": "2025-12-06",
    "scheduled_time": "14:00:00",
    "duration_minutes": 60,
    "status": "completed",
    "payment_status": "paid",
    "amount_paid": "75.00",
    "cancellation_reason": null,
    "cancellation_notes": "",
    "cancelled_at": null,
    "cancelled_by": null,
    "rescheduled_from": null,
    "google_event_id": "",
    "calendar_synced": false,
    "client_notes": "",
    "coach_notes": "",
    "created_at": "2025-12-09T19:46:50.710Z",
    "updated_at": "2025-12-09T19:46:50.710Z",
    "confirmed_at": null,
    "completed_at": null
  }
},
{
  "model": "bookings.booking",
  "pk": 92,
  "fields": {
    "client": 9,
    "player": 5,
    "coach": 3,
    "availability_slot": null,
    "session_type": 1,
    "client_package": null,
    "scheduled_date": "2025-12-07",
    "scheduled_time": "15:00:00",
    "duration_minutes": 60,
    "status": "completed",
    "payment_status": "paid",
    "amount_paid": "75.00",
    "cancellation_reason": null,
    "cancellation_notes": "",
    "cancelled_at": null,
    "cancelled_by": null,
    "rescheduled_from": null,
    "google_event_id": "",
    "calendar_synced": false,
    "client_notes": "",
    "coach_notes": "",
    "created_at": "2025-12-09T19:46:50.712Z",
    "updated_at": "2025-12-09T19:46:50.712Z",
    "confirmed_at": null,
    "completed_at": null
  }
},
{
  "model": "bookings.booking",
  "pk": 93,
  "fields": {
    "client": 7,
    "player": 7,
    "coach": 3,
    "availability_slot": null,
    "session_type": 2,
    "client_package": null,
    "scheduled_date": "2025-12-08",
    "scheduled_time": "15:00:00",
    "duration_minutes": 60,
    "status": "completed",
    "payment_status": "paid",
    "amount_paid": "45.00",
    "cancellation_reason": null,
    "cancellation_notes": "",
    "cancelled_at": null,
    "cancelled_by": null,
    "rescheduled_from": null,
    "google_event_id": "",
    "calendar_synced": false,
    "client_notes": "",
    "coach_notes": "",
    "created_at": "2025-12-09T19:46:50.713Z",
    "updated_at": "2025-12-09T19:46:50.713Z",
    "confirmed_at": null,
    "completed_at": null
  }
},
{
  "model": "bookings.booking",
  "pk": 94,
  "fields": {
    "client": 1,
    "player": 2,
    "coach": 3,
    "availability_slot": null,
    "session_type": 5,
    "client_package": null,
    "scheduled_date": "2025-12-09",
    "scheduled_time": "09:00:00",
    "duration_minutes": 60,
    "status": "confirmed",
    "payment_status": "paid",
    "amount_paid": "100.00",
    "cancellation_reason": null,
    "cancellation_notes": "",
    "cancelled_at": null,
    "cancelled_by": null,
    "rescheduled_from": null,
    "google_event_id": "",
    "calendar_synced": false,
    "client_notes": "",
    "coach_notes": "",
    "created_at": "2025-12-09T19:46:50.715Z",
    "updated_at": "2025-12-09T19:46:50.715Z",
    "confirmed_at": null,
    "completed_at": null
  }
},
{
  "model": "bookings.booking",
  "pk": 95,
  "fields": {
    "client": 1,
    "player": 2,
    "coach": 3,
    "availability_slot": null,
    "session_type": 3,
    "client_package": null,
    "scheduled_date": "2025-12-09",
    "scheduled_time": "10:00:00",
    "duration_minutes": 60,
    "status": "confirmed",
    "payment_status": "paid",
    "amount_paid": "50.00",
    "cancellation_reason": null,
    "cancellation_notes": "",
    "cancelled_at": null,
    "cancelled_by": null,
    "rescheduled_from": null,
    "google_event_id": "",
    "calendar_synced": false,
    "client_notes": "",
    "coach_notes": "",
    "created_at": "2025-12-09T19:46:50.717Z",
    "updated_at": "2025-12-09T19:46:50.717Z",
    "confirmed_at": null,
    "completed_at": null
  }
},
{
  "model": "bookings.booking",
  "pk": 96,
  "fields": {
    "client": 2,
    "player": 1,
    "coach": 3,
    "availability_slot": null,
    "session_type": 5,
    "client_package": null,
    "scheduled_date": "2025-12-09",
    "scheduled_time": "11:00:00",
    "duration_minutes": 60,
    "status": "confirmed",
    "payment_status": "paid",
    "amount_paid": "100.00",
    "cancellation_reason": null,
    "cancellation_notes": "",
    "cancelled_at": null,
    "cancelled_by": null,
    "rescheduled_from": null,
    "google_event_id": "",
    "calendar_synced": false,
    "client_notes": "",
    "coach_notes": "",
    "created_at": "2025-12-09T19:46:50.719Z",
    "updated_at": "2025-12-09T19:46:50.719Z",
    "confirmed_at": null,
    "completed_at": null
  }
},
{
  "model": "bookings.booking",
  "pk": 97,
  "fields": {
    "client": 1,
    "player": 2,
    "coach": 3,
    "availability_slot": null,
    "session_type": 6,
    "client_package": null,
    "scheduled_date": "2025-12-10",
    "scheduled_time": "10:00:00",
    "duration_minutes": 60,
    "status": "confirmed",
    "payment_status": "paid",
    "amount_paid": "60.00",
    "cancellation_reason": null,
    "cancellation_notes": "",
    "cancelled_at": null,
    "cancelled_by": null,
    "rescheduled_from": null,
    "google_event_id": "",
    "calendar_synced": false,
    "client_notes": "",
    "coach_notes": "",
    "created_at": "2025-12-09T19:46:50.721Z",
    "updated_at": "2025-12-09T19:46:50.721Z",
    "confirmed_at": null,
    "completed_at": null
  }
},
{
  "model": "bookings.booking",
  "pk": 98,
  "fields": {
    "client": 1,
    "player": 4,
    "coach": 3,
    "availability_slot": null,
    "session_type": 5,
    "client_package": null,
    "scheduled_date": "2025-12-11",
    "scheduled_time": "14:00:00",
    "duration_minutes": 60,
    "status": "confirmed",
    "payment_status": "paid",
    "amount_paid": "100.00",
    "cancellation_reason": null,
    "cancellation_notes": "",
    "cancelled_at": null,
    "cancelled_by": null,
    "rescheduled_from": null,
    "google_event_id": "",
    "calendar_synced": false,
    "client_notes": "",
    "coach_notes": "",
    "created_at": "2025-12-09T19:46:50.723Z",
    "updated_at": "2025-12-09T19:46:50.723Z",
    "confirmed_at": null,
    "completed_at": null
  }
},
{
  "model": "bookings.booking",
  "pk": 99,
  "fields": {
    "client": 9,
    "player": 5,
    "coach": 3,
    "availability_slot": null,
    "session_type": 3,
    "client_package": null,
    "scheduled_date": "2025-12-12",
    "scheduled_time": "10:00:00",
    "duration_minutes": 60,
    "status": "confirmed",
    "payment_status": "paid",
    "amount_paid": "50.00",
    "cancellation_reason": null,
    "cancellation_notes": "",
    "cancelled_at": null,
    "cancelled_by": null,
    "rescheduled_from": null,
    "google_event_id": "",
    "calendar_synced": false,
    "client_notes": "",
    "coach_notes": "",
    "created_at": "2025-12-09T19:46:50.724Z",
    "updated_at": "2025-12-09T19:46:50.724Z",
    "confirmed_at": null,
    "completed_at": null
  }
},
{
  "model": "bookings.booking",
  "pk": 100,
  "fields": {
    "client": 2,
    "player": 1,
    "coach": 3,
    "availability_slot": null,
    "session_type": 3,
    "client_package": null,
    "scheduled_date": "2025-12-13",
    "scheduled_time": "09:00:00",
    "duration_minutes": 60,
    "status": "confirmed",
    "payment_status": "paid",
    "amount_paid": "50.00",
    "cancellation_reason": null,
    "cancellation_notes": "",
    "cancelled_at": null,
    "cancelled_by": null,
    "rescheduled_from": null,
    "google_event_id": "",
    "calendar_synced": false,
    "client_notes": "",
    "coach_notes": "",
    "created_at": "2025-12-09T19:46:50.726Z",
    "updated_at": "2025-12-09T19:46:50.726Z",
    "confirmed_at": null,
    "completed_at": null
  }
},
{
  "model": "bookings.booking",
  "pk": 101,
  "fields": {
    "client": 6,
    "player": 8,
    "coach": 3,
    "availability_slot": null,
    "session_type": 1,
    "client_package": null,
    "scheduled_date": "2025-12-14",
    "scheduled_time": "09:00:00",
    "duration_minutes": 60,
    "status": "confirmed",
    "payment_status": "paid",
    "amount_paid": "75.00",
    "cancellation_reason": null,
    "cancellation_notes": "",
    "cancelled_at": null,
    "cancelled_by": null,
    "rescheduled_from": null,
    "google_event_id": "",
    "calendar_synced": false,
    "client_notes": "",
    "coach_notes": "",
    "created_at": "2025-12-09T19:46:50.728Z",
    "updated_at": "2025-12-09T19:46:50.728Z",
    "confirmed_at": null,
    "completed_at": null
  }
},
{
  "model": "bookings.booking",
  "pk": 102,
  "fields": {
    "client": 9,
    "player": 5,
    "coach": 3,
    "availability_slot": null,
    "session_type": 4,
    "client_package": null,
    "scheduled_date": "2025-12-15",
    "scheduled_time": "14:00:00",
    "duration_minutes": 60,
    "status": "confirmed",
    "payment_status": "paid",
    "amount_paid": "40.00",
    "cancellation_reason": null,
    "cancellation_notes": "",
    "cancelled_at": null,
    "cancelled_by": null,
    "rescheduled_from": null,
    "google_event_id": "",
    "calendar_synced": false,
    "client_notes": "",
    "coach_notes": "",
    "created_at": "2025-12-09T19:46:50.730Z",
    "updated_at": "2025-12-09T19:46:50.730Z",
    "confirmed_at": null,
    "completed_at": null
  }
},
{
  "model": "bookings.booking",
  "pk": 103,
  "fields": {
    "client": 1,
    "player": 3,
    "coach": 3,
    "availability_slot": null,
    "session_type": 5,
    "client_package": null,
    "scheduled_date": "2025-12-16",
    "scheduled_time": "14:00:00",
    "duration_minutes": 60,
    "status": "confirmed",
    "payment_status": "paid",
    "amount_paid": "100.00",
    "cancellation_reason": null,
    "cancellation_notes": "",
    "cancelled_at": null,
    "cancelled_by": null,
    "rescheduled_from": null,
    "google_event_id": "",
    "calendar_synced": false,
    "client_notes": "",
    "coach_notes": "",
    "created_at": "2025-12-09T19:46:50.732Z",
    "updated_at": "2025-12-09T19:46:50.732Z",
    "confirmed_at": null,
    "completed_at": null
  }
},
{
  "model": "bookings.program",
  "pk": 1,
  "fields": {
    "name": "Private Training",
    "description": "Private Training session with professional coaching",
    "duration_minutes": 60,
    "price": "75.00",
    "max_participants": 1,
    "program_type": "drop_in",
    "requires_package": false,
    "min_age": null,
    "max_age": null,
    "skill_levels": "",
    "is_active": true,
    "created_at": "2025-12-08T03:50:03.502Z",
    "session_type": null
  }
},
{
  "model": "bookings.program",
  "pk": 2,
  "fields": {
    "name": "Semi-Private (2-3)",
    "description": "Semi-Private (2-3) session with professional coaching",
    "duration_minutes": 60,
    "price": "50.00",
    "max_participants": 3,
    "program_type": "drop_in",
    "requires_package": false,
    "min_age": null,
    "max_age": null,
    "skill_levels": "",
    "is_active": true,
    "created_at": "2025-12-08T03:50:03.504Z",
    "session_type": null
  }
},
{
  "model": "bookings.program",
  "pk": 3,
  "fields": {
    "name": "Group Training",
    "description": "Group Training session with professional coaching",
    "duration_minutes": 90,
    "price": "35.00",
    "max_participants": 10,
    "program_type": "package",
    "requires_package": false,
    "min_age": null,
    "max_age": null,
    "skill_levels": "",
    "is_active": true,
    "created_at": "2025-12-08T03:50:03.506Z",
    "session_type": null
  }
},
{
  "model": "bookings.program",
  "pk": 4,
  "fields": {
    "name": "Elite Development",
    "description": "Elite Development session with professional coaching",
    "duration_minutes": 90,
    "price": "100.00",
    "max_participants": 1,
    "program_type": "package",
    "requires_package": false,
    "min_age": null,
    "max_age": null,
    "skill_levels": "",
    "is_active": true,
    "created_at": "2025-12-08T03:50:03.508Z",
    "session_type": null
  }
}
]
